,danceability,energy,loudness,speechiness,acousticness,instrumentalness,liveness,valence,tempo,id,uri,duration_ms,mood
0,0.287,0.12,-23.17,0.0334,0.756,0.888,0.0916,0.0402,70.212,2MuaFOZj37wxfuE5owVhF9,spotify:track:2MuaFOZj37wxfuE5owVhF9,85714,Relaxing
1,0.248,0.146,-21.551,0.0373,0.893,0.725,0.0957,0.0353,73.963,1GwaCX84BPG0GRoC0zIa9P,spotify:track:1GwaCX84BPG0GRoC0zIa9P,94648,Relaxing
2,0.413,0.148,-19.361,0.0339,0.603,0.848,0.0961,0.0574,143.578,04JXK1GuqYWZHaRPpdIiv9,spotify:track:04JXK1GuqYWZHaRPpdIiv9,87500,Relaxing
3,0.515,0.0604,-23.755,0.0324,0.973,0.494,0.141,0.175,79.958,1UuovFMJZO3lThwwVBafbN,spotify:track:1UuovFMJZO3lThwwVBafbN,72000,Relaxing
4,0.507,0.00721,-26.424,0.0361,0.978,0.894,0.107,0.039,85.065,5FiIDwTS9PJKMy2fcKp0k1,spotify:track:5FiIDwTS9PJKMy2fcKp0k1,97037,Relaxing
5,0.156,0.176,-22.964,0.0359,0.944,0.809,0.0739,0.127,70.262,24Q3JyGSmQNM1XiXyZcshq,spotify:track:24Q3JyGSmQNM1XiXyZcshq,87887,Relaxing
6,0.182,0.0415,-26.378,0.0392,0.952,0.975,0.112,0.0376,67.435,67RoG8WRlEzSusTEDRcPdb,spotify:track:67RoG8WRlEzSusTEDRcPdb,89143,Relaxing
7,0.419,0.0359,-25.45,0.0471,0.994,0.934,0.123,0.359,70.31,4EeSyjkNQyxVgps0FGu2LP,spotify:track:4EeSyjkNQyxVgps0FGu2LP,94737,Relaxing
8,0.546,0.0157,-23.15,0.0353,0.962,0.928,0.08,0.21,139.937,5KEm9mvIwaLf0mQ1M4AYLz,spotify:track:5KEm9mvIwaLf0mQ1M4AYLz,99429,Relaxing
9,0.215,0.0796,-23.323,0.0303,0.945,0.955,0.072,0.0394,70.316,63srq70JClmi80OC6X7J5g,spotify:track:63srq70JClmi80OC6X7J5g,120000,Relaxing
10,0.166,0.0367,-26.202,0.0398,0.701,0.823,0.108,0.135,139.73,4525Hx49ZxzUeeaKrlYlaS,spotify:track:4525Hx49ZxzUeeaKrlYlaS,85714,Relaxing
11,0.222,0.0551,-24.982,0.038,0.937,0.855,0.125,0.0377,87.327,23rqBG7JfLr8TUXuuCGhma,spotify:track:23rqBG7JfLr8TUXuuCGhma,102857,Relaxing
12,0.15,0.175,-23.606,0.0451,0.868,0.857,0.0982,0.102,142.857,1ziqGVefdg2e0FmgCsZP0i,spotify:track:1ziqGVefdg2e0FmgCsZP0i,128451,Relaxing
13,0.189,0.131,-24.596,0.0438,0.875,0.795,0.0968,0.0368,76.095,7dDvxTzHJLfIgZriRfhOLB,spotify:track:7dDvxTzHJLfIgZriRfhOLB,96000,Relaxing
14,0.202,0.18,-22.992,0.0433,0.628,0.822,0.116,0.0307,62.392,0ujfGX9iCJZzqWlkKoFVdc,spotify:track:0ujfGX9iCJZzqWlkKoFVdc,90435,Relaxing
15,0.262,0.0524,-24.711,0.0335,0.958,0.762,0.0867,0.037,149.793,03zDDHNSpm6ayF8zXbxwvz,spotify:track:03zDDHNSpm6ayF8zXbxwvz,89600,Relaxing
16,0.226,0.197,-23.16,0.0477,0.561,0.983,0.0932,0.0274,72.954,5LIWgEi2xDPGLNxtVocksn,spotify:track:5LIWgEi2xDPGLNxtVocksn,105205,Relaxing
17,0.344,0.00279,-30.108,0.039,0.991,0.936,0.0994,0.393,73.189,0xlX5qEah0o5R4TIktSEOG,spotify:track:0xlX5qEah0o5R4TIktSEOG,85926,Relaxing
18,0.469,0.00128,-34.908,0.0867,0.995,0.978,0.11,0.0,70.752,2M2TSXsNP1l1oW2CFXhgBu,spotify:track:2M2TSXsNP1l1oW2CFXhgBu,63333,Relaxing
19,0.643,0.0324,-33.048,0.146,0.996,0.973,0.105,0.0,70.347,3uUh1YcGhUqkmRUzEqCOiC,spotify:track:3uUh1YcGhUqkmRUzEqCOiC,65143,Relaxing
20,0.573,0.00152,-37.672,0.0641,0.996,0.973,0.107,0.898,69.666,4ybCihmUckfn3u8yOrRqLC,spotify:track:4ybCihmUckfn3u8yOrRqLC,69429,Relaxing
21,0.641,0.0345,-35.587,0.0422,0.996,0.973,0.114,0.934,69.922,0mEfx07KcDFUKNrU16Bk5N,spotify:track:0mEfx07KcDFUKNrU16Bk5N,66857,Relaxing
22,0.535,0.000871,-36.857,0.193,0.995,0.969,0.118,0.0,71.323,2cQGtXBC1JrANk7o4rESD0,spotify:track:2cQGtXBC1JrANk7o4rESD0,66667,Relaxing
23,0.2,0.0318,-26.218,0.0381,0.949,0.877,0.0917,0.0362,71.294,6nYg4DgEq6DlhpcWFNDyTl,spotify:track:6nYg4DgEq6DlhpcWFNDyTl,121690,Relaxing
24,0.148,0.0936,-28.659,0.0397,0.862,0.785,0.0936,0.0361,73.925,2GgmYWk2zlMNnfyNY1hz23,spotify:track:2GgmYWk2zlMNnfyNY1hz23,103333,Relaxing
25,0.357,0.205,-22.167,0.0308,0.879,0.932,0.0918,0.0618,140.353,5UZzBvSXjY2o5aKcPCIYEU,spotify:track:5UZzBvSXjY2o5aKcPCIYEU,116571,Relaxing
26,0.205,0.106,-24.15,0.0371,0.883,0.71,0.105,0.039,71.725,469IscYwMjAgAlR7Z5y0Vw,spotify:track:469IscYwMjAgAlR7Z5y0Vw,110000,Relaxing
27,0.231,0.0782,-26.117,0.0384,0.968,0.963,0.0989,0.031,66.065,7vYPrJgPqfGhsOfkL0okpf,spotify:track:7vYPrJgPqfGhsOfkL0okpf,99200,Relaxing
28,0.411,0.129,-21.368,0.0338,0.99,0.934,0.0767,0.205,140.158,26uvmHRLvY2VWgcH8I4lS2,spotify:track:26uvmHRLvY2VWgcH8I4lS2,102857,Relaxing
29,0.635,0.0148,-26.897,0.046,0.995,0.881,0.102,0.46,81.671,6DH7CWK3fKjCH33GkJvhoN,spotify:track:6DH7CWK3fKjCH33GkJvhoN,84304,Relaxing
30,0.224,0.178,-21.753,0.0368,0.931,0.854,0.0668,0.0392,73.234,5yIbgGtGi7d65Os51YvVVZ,spotify:track:5yIbgGtGi7d65Os51YvVVZ,98630,Relaxing
31,0.127,0.114,-26.26,0.0441,0.981,0.97,0.0957,0.0372,66.43,14PxQSLWQxUQvIFcP3uQas,spotify:track:14PxQSLWQxUQvIFcP3uQas,115200,Relaxing
32,0.191,0.106,-27.305,0.0444,0.969,0.963,0.0808,0.0323,70.785,6KImaBgqBj8HdXBQVPEIup,spotify:track:6KImaBgqBj8HdXBQVPEIup,99429,Relaxing
33,0.175,0.119,-22.492,0.0503,0.905,0.941,0.0851,0.0281,84.932,0x5bRvUlDk1rmzMorvUxYR,spotify:track:0x5bRvUlDk1rmzMorvUxYR,96000,Relaxing
34,0.155,0.11,-24.356,0.0479,0.909,0.894,0.12,0.0365,76.131,2S5YfHhXQX5uNxAmWTjIJ3,spotify:track:2S5YfHhXQX5uNxAmWTjIJ3,94648,Relaxing
35,0.203,0.118,-25.76,0.0364,0.962,0.959,0.101,0.0382,83.075,0NaUuX5de2UDdnMHuJHW03,spotify:track:0NaUuX5de2UDdnMHuJHW03,89143,Relaxing
36,0.193,0.0805,-25.656,0.0421,0.957,0.97,0.095,0.05,73.269,7dmTVe7uWD4K6afhJt7Lfs,spotify:track:7dmTVe7uWD4K6afhJt7Lfs,91268,Relaxing
37,0.197,0.221,-18.945,0.0344,0.0536,0.828,0.106,0.139,65.123,0eQcEQpGfRuDUo00SsCiK8,spotify:track:0eQcEQpGfRuDUo00SsCiK8,92571,Relaxing
38,0.17,0.148,-22.296,0.0537,0.843,0.926,0.181,0.103,127.074,4DNSeJqArKV7exjSCFU4es,spotify:track:4DNSeJqArKV7exjSCFU4es,96000,Relaxing
39,0.176,0.121,-24.366,0.0452,0.954,0.953,0.0965,0.0499,72.272,2Bwta0kTrDd4Gss0IoNzxh,spotify:track:2Bwta0kTrDd4Gss0IoNzxh,114930,Relaxing
40,0.192,0.183,-23.161,0.0387,0.875,0.939,0.169,0.0323,87.834,4FSLfHDKnnmxfskTPOBH9T,spotify:track:4FSLfHDKnnmxfskTPOBH9T,96000,Relaxing
41,0.217,0.13,-24.219,0.0366,0.766,0.905,0.0997,0.037,76.295,0Wjppz48V1KnrxR80CXE7I,spotify:track:0Wjppz48V1KnrxR80CXE7I,99429,Relaxing
42,0.134,0.147,-22.907,0.0488,0.731,0.925,0.105,0.0345,72.447,00VetaoC8TaqvyumxJIXmx,spotify:track:00VetaoC8TaqvyumxJIXmx,96000,Relaxing
43,0.257,0.0779,-24.761,0.0349,0.972,0.88,0.107,0.0398,143.487,4bjRIPq0xdpy76bKpUFpbM,spotify:track:4bjRIPq0xdpy76bKpUFpbM,90000,Relaxing
44,0.204,0.0616,-25.006,0.0394,0.568,0.835,0.114,0.0439,64.448,7ApTnDx5BI8N92PFna9OR0,spotify:track:7ApTnDx5BI8N92PFna9OR0,120000,Relaxing
45,0.175,0.22,-24.472,0.0434,0.817,0.598,0.0888,0.0314,133.184,3hS0Kv9bh6bSjiA9vb5JTF,spotify:track:3hS0Kv9bh6bSjiA9vb5JTF,89143,Relaxing
46,0.204,0.0624,-22.01,0.0333,0.241,0.827,0.0924,0.0433,66.675,0QPZOS0GApHTXjPb7tfYD0,spotify:track:0QPZOS0GApHTXjPb7tfYD0,96000,Relaxing
47,0.328,0.0694,-17.241,0.0434,0.992,0.912,0.108,0.109,142.344,4fHrHHpb3hY6dkcRORxXwu,spotify:track:4fHrHHpb3hY6dkcRORxXwu,86667,Relaxing
48,0.149,0.186,-25.13,0.0337,0.887,0.898,0.125,0.0803,76.264,0C8rPEfM8lZA05al27k0Pq,spotify:track:0C8rPEfM8lZA05al27k0Pq,94648,Relaxing
49,0.185,0.215,-21.685,0.0343,0.335,0.704,0.112,0.0357,67.083,45zotayJfPuVrGN6L7TmZh,spotify:track:45zotayJfPuVrGN6L7TmZh,86956,Relaxing
50,0.181,0.0358,-21.023,0.042,0.869,0.857,0.108,0.0646,74.164,3HvO0bTIyAMYyHbY1vD9aA,spotify:track:3HvO0bTIyAMYyHbY1vD9aA,90811,Relaxing
51,0.225,0.108,-25.79,0.037,0.628,0.754,0.123,0.0399,76.859,3wBTiLb3ddU35dm2SNh4MW,spotify:track:3wBTiLb3ddU35dm2SNh4MW,82286,Relaxing
52,0.318,0.041,-30.126,0.0362,0.978,0.895,0.07,0.0415,70.038,4G0GaPSZViJnrXRpRFxxFh,spotify:track:4G0GaPSZViJnrXRpRFxxFh,95143,Relaxing
53,0.21,0.0865,-25.304,0.0379,0.895,0.575,0.115,0.0489,69.782,11x57xUo3O5NQV5MLGD6zw,spotify:track:11x57xUo3O5NQV5MLGD6zw,88421,Relaxing
54,0.233,0.127,-21.851,0.0376,0.956,0.771,0.0991,0.0884,98.991,3v3EPJT1PIQQ3DICeBLpxH,spotify:track:3v3EPJT1PIQQ3DICeBLpxH,91139,Relaxing
55,0.329,0.139,-23.53,0.0313,0.826,0.867,0.0863,0.0375,70.073,1GvBcoKn7J7swaqVPcowan,spotify:track:1GvBcoKn7J7swaqVPcowan,96000,Relaxing
56,0.264,0.0477,-27.346,0.0346,0.397,0.69,0.108,0.0659,73.003,4eW9R3LYXbSPWXrEnUPKdi,spotify:track:4eW9R3LYXbSPWXrEnUPKdi,98630,Relaxing
57,0.748,0.0467,-20.727,0.0507,0.93,0.785,0.115,0.301,80.01,5KRryMDFDbpn9r8TjfT2MH,spotify:track:5KRryMDFDbpn9r8TjfT2MH,99000,Relaxing
58,0.0703,0.138,-23.644,0.0431,0.821,0.967,0.105,0.0365,77.697,0lgujOKZxSa241uY8kWp7Y,spotify:track:0lgujOKZxSa241uY8kWp7Y,108169,Relaxing
59,0.202,0.104,-24.698,0.0392,0.766,0.95,0.13,0.0909,91.329,3UYbzEmEKYCix4Mo7OXKqh,spotify:track:3UYbzEmEKYCix4Mo7OXKqh,114930,Relaxing
60,0.145,0.0953,-23.818,0.046,0.784,0.823,0.104,0.075,139.474,5TeHL0ZEbwCsyax3wQTcVC,spotify:track:5TeHL0ZEbwCsyax3wQTcVC,96000,Relaxing
61,0.215,0.135,-23.64,0.0363,0.881,0.96,0.0825,0.0348,139.186,31NKBW5ZpOUqCewtOwgN5T,spotify:track:31NKBW5ZpOUqCewtOwgN5T,89143,Relaxing
62,0.356,0.0682,-25.079,0.0346,0.957,0.7,0.0888,0.037,69.968,6O5ehFKzr9z2m6FhpivQQj,spotify:track:6O5ehFKzr9z2m6FhpivQQj,113143,Relaxing
63,0.11,0.168,-22.321,0.0361,0.934,0.806,0.151,0.0391,71.795,44kSmjN9DIwTJoMBHHEnDM,spotify:track:44kSmjN9DIwTJoMBHHEnDM,106286,Relaxing
64,0.276,0.189,-21.931,0.0396,0.891,0.948,0.11,0.0538,140.161,4wISOt1Hp1lkj2dCkipWhy,spotify:track:4wISOt1Hp1lkj2dCkipWhy,116571,Relaxing
65,0.279,0.206,-23.779,0.0398,0.793,0.929,0.111,0.0392,69.645,7jHyMwv86JfAoBgALjZbwM,spotify:track:7jHyMwv86JfAoBgALjZbwM,106286,Relaxing
66,0.26,0.281,-17.586,0.0508,0.942,0.903,0.0954,0.0366,64.456,4tP48zuROIWLULwtFmWOIu,spotify:track:4tP48zuROIWLULwtFmWOIu,92800,Relaxing
67,0.455,0.125,-18.567,0.0396,0.941,0.969,0.1,0.169,70.059,3n7E6nMZXWpWqQoQuJ33SH,spotify:track:3n7E6nMZXWpWqQoQuJ33SH,89143,Relaxing
68,0.351,0.156,-21.413,0.0283,0.887,0.907,0.106,0.0397,79.857,05hc5PiLZ77HU7Gz8TawgK,spotify:track:05hc5PiLZ77HU7Gz8TawgK,84000,Relaxing
69,0.353,0.00746,-26.188,0.0473,0.983,0.877,0.121,0.0916,75.499,19t5Le0ny4yXMDpvevhsrV,spotify:track:19t5Le0ny4yXMDpvevhsrV,84444,Relaxing
70,0.209,0.166,-18.535,0.0406,0.954,0.9,0.108,0.0904,141.003,5D6GS8BXf1BBEPtGQpdIsz,spotify:track:5D6GS8BXf1BBEPtGQpdIsz,101408,Relaxing
71,0.155,0.117,-19.878,0.0343,0.847,0.909,0.107,0.0424,72.564,2NDFlDpAIDF5G8DYDZv5GV,spotify:track:2NDFlDpAIDF5G8DYDZv5GV,93333,Relaxing
72,0.134,0.116,-24.784,0.0429,0.895,0.735,0.103,0.0336,71.553,0ZbXIvAR19BGZGc8zafdhl,spotify:track:0ZbXIvAR19BGZGc8zafdhl,98028,Relaxing
73,0.0954,0.192,-21.27,0.0403,0.776,0.991,0.109,0.0345,48.013,2zuk45iwW1IhxqpwU9FZjl,spotify:track:2zuk45iwW1IhxqpwU9FZjl,96000,Relaxing
74,0.171,0.158,-24.269,0.0341,0.926,0.932,0.112,0.051,114.691,2SMJJ2Mwll31SQZYZMza7h,spotify:track:2SMJJ2Mwll31SQZYZMza7h,90000,Relaxing
75,0.231,0.0669,-28.672,0.0408,0.855,0.904,0.0629,0.0423,64.645,23XlKw4XQXL4ZcYU3T2CHy,spotify:track:23XlKw4XQXL4ZcYU3T2CHy,92055,Relaxing
76,0.0927,0.13,-27.874,0.0425,0.778,0.94,0.0862,0.0612,175.74,2tJcIuKcJyeqDZw983PIP0,spotify:track:2tJcIuKcJyeqDZw983PIP0,96667,Relaxing
77,0.185,0.0869,-24.648,0.0408,0.896,0.973,0.0984,0.0373,62.819,4fnJE1cthnmrDzCcwiNjBV,spotify:track:4fnJE1cthnmrDzCcwiNjBV,96667,Relaxing
78,0.198,0.175,-22.329,0.0393,0.852,0.954,0.103,0.0474,91.119,37cfHEoArRTf7AxGpV9Oc2,spotify:track:37cfHEoArRTf7AxGpV9Oc2,126575,Relaxing
79,0.166,0.108,-25.641,0.0445,0.887,0.883,0.11,0.04,71.252,5aRaDpIXDKzkY6tOEPGV6b,spotify:track:5aRaDpIXDKzkY6tOEPGV6b,90000,Relaxing
80,0.286,0.239,-21.11,0.0495,0.959,0.994,0.0668,0.0392,71.886,4qcuA5PtGFrXNBBJwQsgSI,spotify:track:4qcuA5PtGFrXNBBJwQsgSI,116571,Relaxing
81,0.128,0.199,-20.768,0.0336,0.765,0.883,0.131,0.0453,73.606,2Altc136d7c4gZwdiUgk58,spotify:track:2Altc136d7c4gZwdiUgk58,116757,Relaxing
82,0.214,0.179,-19.328,0.0351,0.935,0.859,0.0892,0.0392,128.165,2BRtJnsP6lHRouBThr1wUf,spotify:track:2BRtJnsP6lHRouBThr1wUf,98028,Relaxing
83,0.195,0.0717,-26.142,0.0429,0.975,0.948,0.0696,0.0358,72.244,2Jdyt9OxI3CEA50ZwSpm22,spotify:track:2Jdyt9OxI3CEA50ZwSpm22,93333,Relaxing
84,0.176,0.129,-24.852,0.0342,0.715,0.857,0.115,0.0352,145.451,6LRAb2JgRHOP6Zv0jptX4k,spotify:track:6LRAb2JgRHOP6Zv0jptX4k,92055,Relaxing
85,0.232,0.0341,-29.896,0.0397,0.929,0.751,0.109,0.0345,71.671,4mnYHZDp7mraBoCVhp9fS8,spotify:track:4mnYHZDp7mraBoCVhp9fS8,102400,Relaxing
86,0.224,0.0219,-28.395,0.0452,0.795,0.752,0.0875,0.0549,139.833,3sOcwWj8Xr5Vpr7yLcyA06,spotify:track:3sOcwWj8Xr5Vpr7yLcyA06,113143,Relaxing
87,0.252,0.107,-27.718,0.0414,0.216,0.677,0.0877,0.0613,112.882,6eLNs7klsD1hwVw6DrTV7o,spotify:track:6eLNs7klsD1hwVw6DrTV7o,97714,Relaxing
88,0.176,0.17,-25.314,0.0408,0.702,0.81,0.121,0.0393,82.978,3b5iVZiWEDxJeROcScCYRF,spotify:track:3b5iVZiWEDxJeROcScCYRF,99429,Relaxing
89,0.12,0.0537,-30.992,0.0382,0.74,0.736,0.109,0.0377,75.001,2bGhBaA2pJsKLOgwUQfhdH,spotify:track:2bGhBaA2pJsKLOgwUQfhdH,88767,Relaxing
90,0.162,0.0491,-29.867,0.0434,0.513,0.793,0.0952,0.0393,110.337,2RVNMYXgfJCfxGSakTNUx2,spotify:track:2RVNMYXgfJCfxGSakTNUx2,113143,Relaxing
91,0.134,0.0472,-29.955,0.046,0.912,0.85,0.114,0.0723,71.918,1ka6WYQznjjKZkKYikONiM,spotify:track:1ka6WYQznjjKZkKYikONiM,109714,Relaxing
92,0.155,0.105,-27.074,0.0446,0.941,0.931,0.116,0.0387,106.983,2v6gDaHkHfojtLeK9Z9Zd6,spotify:track:2v6gDaHkHfojtLeK9Z9Zd6,109714,Relaxing
93,0.195,0.131,-25.896,0.0377,0.667,0.767,0.0962,0.039,139.308,2vl0jpEViZ3gkQMmiCVU34,spotify:track:2vl0jpEViZ3gkQMmiCVU34,96000,Relaxing
94,0.1,0.066,-27.605,0.039,0.958,0.955,0.0902,0.0346,78.261,5rAZ18w0BEU3XIkSvVesfQ,spotify:track:5rAZ18w0BEU3XIkSvVesfQ,96000,Relaxing
95,0.264,0.0419,-24.491,0.0366,0.892,0.926,0.0964,0.105,65.9,1PkYyUW957EtXNL8h7O8h1,spotify:track:1PkYyUW957EtXNL8h7O8h1,96000,Relaxing
96,0.152,0.0854,-26.351,0.04,0.845,0.869,0.104,0.0747,72.322,61OZSwAZFw1oBMGNBDDSxF,spotify:track:61OZSwAZFw1oBMGNBDDSxF,96000,Relaxing
97,0.624,0.00119,-37.794,0.518,0.996,0.973,0.112,0.0,69.275,0us61DzC86dpwdtNmM5voY,spotify:track:0us61DzC86dpwdtNmM5voY,68571,Relaxing
98,0.65,0.00489,-35.817,0.089,0.996,0.973,0.106,0.648,69.818,7wrElpponSXCWj6DMSSJAL,spotify:track:7wrElpponSXCWj6DMSSJAL,75429,Relaxing
99,0.166,0.161,-25.288,0.0411,0.53,0.802,0.0984,0.0773,129.46,37K65y2SNf1UMMBg4kbz2G,spotify:track:37K65y2SNf1UMMBg4kbz2G,72000,Relaxing
0,0.523,0.128,-18.679,0.0376,0.961,0.85,0.12,0.152,122.199,6s9HUUwQLIIwv3PaB28k5U,spotify:track:6s9HUUwQLIIwv3PaB28k5U,129493,Relaxing
1,0.505,0.696,-8.214,0.0329,0.851,0.901,0.129,0.43,119.999,278h48eyiWbXhrgb5VtclT,spotify:track:278h48eyiWbXhrgb5VtclT,635000,Relaxing
2,0.389,0.487,-13.267,0.0362,0.413,0.81,0.0795,0.0676,129.55,2MdCE51hJOh9N5Hu0IZGbO,spotify:track:2MdCE51hJOh9N5Hu0IZGbO,484960,Relaxing
3,0.225,0.44,-11.707,0.0364,0.276,0.896,0.0966,0.197,129.182,7wWNhI15N5wEjQC1d01BqT,spotify:track:7wWNhI15N5wEjQC1d01BqT,290339,Relaxing
4,0.536,0.251,-11.393,0.0319,0.165,0.0288,0.37,0.329,114.198,71VA8RThkp9Kr0wbhQRza3,spotify:track:71VA8RThkp9Kr0wbhQRza3,421933,Relaxing
5,0.492,0.638,-9.095,0.0295,0.434,0.954,0.154,0.357,108.156,058ylCuWsj0Q85LWviID7u,spotify:track:058ylCuWsj0Q85LWviID7u,325333,Relaxing
6,0.594,0.495,-11.3,0.0271,0.194,0.808,0.108,0.33,121.771,3aSSM5v4X0i0R7P781cjbk,spotify:track:3aSSM5v4X0i0R7P781cjbk,333759,Relaxing
7,0.417,0.338,-16.702,0.0305,0.0409,0.919,0.245,0.45,121.808,5LBtU80gRMblLnpZDBKCBQ,spotify:track:5LBtU80gRMblLnpZDBKCBQ,299630,Relaxing
8,0.352,0.424,-12.952,0.0337,0.0535,0.881,0.379,0.206,122.734,1A2VqNdoncLYrSDxRxgxZZ,spotify:track:1A2VqNdoncLYrSDxRxgxZZ,548587,Relaxing
9,0.244,0.568,-8.112,0.0341,0.555,0.378,0.112,0.306,93.246,0QCV5tCax1R7yNN6HQMQJx,spotify:track:0QCV5tCax1R7yNN6HQMQJx,455600,Relaxing
10,0.318,0.721,-7.68,0.0354,0.238,0.519,0.112,0.18,118.093,61VgWtpg1ZVJys1pPVpciS,spotify:track:61VgWtpg1ZVJys1pPVpciS,511693,Relaxing
11,0.354,0.359,-7.689,0.0333,0.172,0.86,0.123,0.0732,63.192,1Zc8dko3vYapJnJ6nBH7tt,spotify:track:1Zc8dko3vYapJnJ6nBH7tt,1078875,Relaxing
12,0.356,0.426,-11.197,0.0269,0.307,0.831,0.0718,0.409,62.451,6oLrv7D89lTEofMck6juDv,spotify:track:6oLrv7D89lTEofMck6juDv,1216922,Relaxing
13,0.564,0.334,-10.312,0.0376,0.00356,0.81,0.118,0.0391,103.017,7BSZgh9qmNyIqbkGHQzuTy,spotify:track:7BSZgh9qmNyIqbkGHQzuTy,158893,Relaxing
14,0.493,0.478,-8.133,0.0284,0.717,0.713,0.28,0.101,124.796,5huCa8exUevRP4VW9yaFCy,spotify:track:5huCa8exUevRP4VW9yaFCy,560840,Relaxing
15,0.234,0.0825,-9.302,0.137,0.00638,0.801,0.125,0.0387,107.664,4mR0UW4OZAkBkkcOTw49Ix,spotify:track:4mR0UW4OZAkBkkcOTw49Ix,1248752,Relaxing
16,0.657,0.408,-8.401,0.0295,0.00533,0.836,0.101,0.357,76.02,3FfIPZl02Le17YtcgATXmA,spotify:track:3FfIPZl02Le17YtcgATXmA,222681,Relaxing
17,0.268,0.001,-8.151,0.0319,0.0041,0.861,0.0926,0.692,175.681,4EGKtxP8frR9b3VlUUsgYj,spotify:track:4EGKtxP8frR9b3VlUUsgYj,1443280,Relaxing
18,0.344,0.521,-8.552,0.0335,0.457,0.694,0.112,0.116,144.294,2IWZcXsFTM5E7Si9ZAnYuk,spotify:track:2IWZcXsFTM5E7Si9ZAnYuk,491227,Relaxing
19,0.69,0.451,-11.872,0.0635,0.841,0.929,0.109,0.877,137.66,1NL0JUs4xMzZwh5vrEJnPG,spotify:track:1NL0JUs4xMzZwh5vrEJnPG,199104,Relaxing
20,0.614,0.582,-7.676,0.0278,0.229,0.848,0.122,0.36,115.029,0RfoeJLvPM3yGBs2jhMxkO,spotify:track:0RfoeJLvPM3yGBs2jhMxkO,308998,Relaxing
21,0.511,0.308,-15.74,0.0319,0.885,0.892,0.0948,0.0798,135.963,2tWw3m1Hj1mCFoZKQmAwul,spotify:track:2tWw3m1Hj1mCFoZKQmAwul,155313,Relaxing
22,0.26,0.576,-8.789,0.0349,0.0197,0.526,0.096,0.388,155.214,24nzNJqqphaHKU2CfwomRp,spotify:track:24nzNJqqphaHKU2CfwomRp,487639,Relaxing
23,0.252,0.464,-10.34,0.0288,0.00918,0.332,0.132,0.155,101.32,2fk2gnHDjUELw7czKF7oj6,spotify:track:2fk2gnHDjUELw7czKF7oj6,394893,Relaxing
24,0.446,0.238,-14.681,0.0313,0.743,0.821,0.138,0.19,118.183,2TwqLvoeHpWipZn9weYv82,spotify:track:2TwqLvoeHpWipZn9weYv82,442480,Relaxing
25,0.464,0.312,-13.511,0.0291,0.23,0.828,0.115,0.0606,131.987,7iEocSBISqDeuKSMUdYehz,spotify:track:7iEocSBISqDeuKSMUdYehz,393453,Relaxing
26,0.379,0.338,-20.472,0.0539,0.793,0.872,0.107,0.249,87.598,74qWBQQvUg8UBZs47A5ju4,spotify:track:74qWBQQvUg8UBZs47A5ju4,465551,Relaxing
27,0.436,0.439,-10.241,0.0288,0.422,0.845,0.0727,0.204,149.929,4jtD1uTTYq35r56erCd469,spotify:track:4jtD1uTTYq35r56erCd469,134707,Relaxing
28,0.288,0.295,-12.17,0.0587,0.0143,0.781,0.116,0.058,179.135,4XI9wQ7QCixGiT6WOwVATE,spotify:track:4XI9wQ7QCixGiT6WOwVATE,154288,Relaxing
29,0.734,0.32,-12.276,0.0596,0.955,0.941,0.105,0.0684,130.077,3WBzo0Tmxkfa0QxtVC9ak8,spotify:track:3WBzo0Tmxkfa0QxtVC9ak8,202000,Relaxing
0,0.402,0.983,-3.816,0.0721,7.29e-05,0.0,0.294,0.363,103.096,6Lah64e21cUytn0QXfuOoF,spotify:track:6Lah64e21cUytn0QXfuOoF,175053,Aggressive
1,0.805,0.927,-2.339,0.237,0.0305,0.0,0.357,0.746,94.961,5NqQXBoJUEBVJUV57wiqim,spotify:track:5NqQXBoJUEBVJUV57wiqim,238173,Aggressive
2,0.431,0.95,-4.918,0.26,0.00105,3.63e-05,0.272,0.56,191.936,0jqK7sGTLsHPkQrrcrGuKD,spotify:track:0jqK7sGTLsHPkQrrcrGuKD,158733,Aggressive
3,0.642,0.777,-4.809,0.094,0.00323,0.0,0.227,0.413,96.986,3zmduBNsQ6BPDTZAkXzG5K,spotify:track:3zmduBNsQ6BPDTZAkXzG5K,214400,Aggressive
4,0.477,0.934,-2.884,0.0803,0.0015,0.0,0.243,0.55,128.037,6FqBQIRLJMluO10YtDbETv,spotify:track:6FqBQIRLJMluO10YtDbETv,211119,Aggressive
5,0.661,0.943,-2.155,0.349,0.394,0.0,0.246,0.833,81.58,1CmVAFQMwKfIOht1KYSNQR,spotify:track:1CmVAFQMwKfIOht1KYSNQR,162717,Aggressive
6,0.603,0.783,-6.891,0.138,0.00353,0.0,0.216,0.182,87.154,422lAAWQO9TqL1LxIPdhOn,spotify:track:422lAAWQO9TqL1LxIPdhOn,180333,Aggressive
7,0.349,0.964,-2.96,0.105,0.000155,0.0,0.168,0.391,177.884,2JFavDC3z5uk0s6TFwt3Q6,spotify:track:2JFavDC3z5uk0s6TFwt3Q6,229000,Aggressive
8,0.688,0.835,-4.162,0.0911,0.0583,2.87e-06,0.0795,0.88,84.858,6ndmKwWqMozN2tcZqzCX4K,spotify:track:6ndmKwWqMozN2tcZqzCX4K,230493,Aggressive
9,0.483,0.941,-3.598,0.0575,0.000526,3.5e-06,0.31,0.503,156.033,5O9Dz0h08LuBi0aVvDcylh,spotify:track:5O9Dz0h08LuBi0aVvDcylh,232067,Aggressive
10,0.716,0.946,-3.412,0.261,0.094,6.63e-05,0.0825,0.587,139.943,6KigD0mlF4VGDYiSEzAyYw,spotify:track:6KigD0mlF4VGDYiSEzAyYw,200571,Aggressive
11,0.595,0.714,-5.705,0.0609,0.0381,0.0,0.08,0.141,88.449,0Cw5iiA8OHWIhuIIA8u8N5,spotify:track:0Cw5iiA8OHWIhuIIA8u8N5,325333,Aggressive
12,0.897,0.585,-10.532,0.0527,0.38,0.0,0.129,0.754,115.014,3tbayNU3N2dxF7nUi3A9yo,spotify:track:3tbayNU3N2dxF7nUi3A9yo,147356,Aggressive
13,0.492,0.93,-3.826,0.0396,1.17e-05,0.0,0.307,0.431,126.039,0UOtF2ojhKGYEjvZ28ZA6d,spotify:track:0UOtF2ojhKGYEjvZ28ZA6d,175603,Aggressive
14,0.709,0.836,-5.55,0.32,0.226,0.0,0.103,0.706,165.902,5aZceoAnPoEdxwFaim3jqf,spotify:track:5aZceoAnPoEdxwFaim3jqf,189416,Aggressive
15,0.421,0.963,-4.305,0.13,1.6e-05,0.261,0.0878,0.32,101.548,3uYXxMCB48QOUE54abTfA4,spotify:track:3uYXxMCB48QOUE54abTfA4,185000,Aggressive
16,0.554,0.932,-3.424,0.0485,0.00154,0.000142,0.425,0.478,112.49,1vcxF91pWs9uNwDROuiCPB,spotify:track:1vcxF91pWs9uNwDROuiCPB,242280,Aggressive
17,0.762,0.77,-7.54,0.151,0.244,0.0,0.211,0.322,139.964,6u7drrkRTo6GgpEn3Sdqi6,spotify:track:6u7drrkRTo6GgpEn3Sdqi6,208062,Aggressive
18,0.387,0.94,-4.16,0.0528,0.00369,0.0,0.0759,0.444,134.876,5sG3G54H21hNfd5etlheoe,spotify:track:5sG3G54H21hNfd5etlheoe,238573,Aggressive
19,0.417,0.988,-3.214,0.26,0.000119,0.000627,0.0737,0.194,169.983,6jBNc9fxOwIrZuolB64CNS,spotify:track:6jBNc9fxOwIrZuolB64CNS,215573,Aggressive
20,0.407,0.975,-3.176,0.0779,0.000578,1.42e-05,0.112,0.564,154.486,0wHNrrefyaeVewm4NxjxrX,spotify:track:0wHNrrefyaeVewm4NxjxrX,234787,Aggressive
21,0.584,0.95,-4.542,0.0485,7.44e-05,0.000201,0.487,0.397,108.99,2XKMVUbr0ALVuugLI6BUH3,spotify:track:2XKMVUbr0ALVuugLI6BUH3,217824,Aggressive
22,0.596,0.815,-5.668,0.0755,0.0111,0.0,0.174,0.459,165.015,7zBQRGpYImAdIZc97FNj3V,spotify:track:7zBQRGpYImAdIZc97FNj3V,206567,Aggressive
23,0.533,0.967,-2.543,0.0995,0.00791,0.0,0.336,0.782,142.018,0sdeLSxygcjyMyWPhZBdFs,spotify:track:0sdeLSxygcjyMyWPhZBdFs,186813,Aggressive
24,0.399,0.948,-4.061,0.078,1.1e-05,0.0484,0.0719,0.254,159.93,4HNPXEJQ3QpHwr5OnSDVx6,spotify:track:4HNPXEJQ3QpHwr5OnSDVx6,216000,Aggressive
25,0.615,0.871,-3.804,0.281,0.0388,0.0,0.246,0.338,119.149,2c5Isyd07hWsl7AQia2Dig,spotify:track:2c5Isyd07hWsl7AQia2Dig,249560,Aggressive
26,0.532,0.637,-5.145,0.0812,0.00402,0.0,0.0822,0.445,164.069,4m5FMVGO6GELhcL0byhQj9,spotify:track:4m5FMVGO6GELhcL0byhQj9,236898,Aggressive
27,0.56,0.879,-5.488,0.0928,0.0646,0.0,0.591,0.536,177.97,7gnZJP4kpR5IIzIhhDupum,spotify:track:7gnZJP4kpR5IIzIhhDupum,143659,Aggressive
28,0.536,0.721,-6.44,0.386,0.062,0.0,0.824,0.393,117.139,61QSuw5VlC0LTS8WMO356g,spotify:track:61QSuw5VlC0LTS8WMO356g,191942,Aggressive
29,0.431,0.869,-5.771,0.0352,0.00011,0.0,0.219,0.202,86.013,5Uv0nmNsS7VlDvAPciwnJ9,spotify:track:5Uv0nmNsS7VlDvAPciwnJ9,236000,Aggressive
30,0.477,0.7,-10.173,0.0411,4.55e-05,0.0188,0.0895,0.62,172.103,1drGUJR281HSpGvXIJVBzx,spotify:track:1drGUJR281HSpGvXIJVBzx,203840,Aggressive
31,0.768,0.844,-6.044,0.209,0.28,0.0,0.117,0.37,142.011,23SOLLrMMW31ebUFfuGNW6,spotify:track:23SOLLrMMW31ebUFfuGNW6,160084,Aggressive
32,0.77,0.826,-4.615,0.159,0.046,0.0,0.266,0.462,145.983,0WwrwEmAXGy6keX7noxBYO,spotify:track:0WwrwEmAXGy6keX7noxBYO,239962,Aggressive
33,0.405,0.889,-3.303,0.317,0.0922,0.0,0.446,0.338,82.918,2sYUGgzQfHQ6lOWzbrny8Z,spotify:track:2sYUGgzQfHQ6lOWzbrny8Z,229480,Aggressive
34,0.54,0.936,-7.688,0.0507,7.49e-05,0.00134,0.0687,0.305,110.002,4pT546AUWomXOS8LpBWtxJ,spotify:track:4pT546AUWomXOS8LpBWtxJ,233455,Aggressive
35,0.512,0.943,-5.185,0.106,0.0138,0.0,0.261,0.485,163.128,4U0p10TUdRyhQ06ZqGAtxx,spotify:track:4U0p10TUdRyhQ06ZqGAtxx,265053,Aggressive
36,0.698,0.902,-6.488,0.152,0.194,0.0,0.0797,0.552,103.014,0d9iRVkb4ugBrAxR83PplQ,spotify:track:0d9iRVkb4ugBrAxR83PplQ,207773,Aggressive
37,0.806,0.702,-7.578,0.195,0.0925,0.0,0.0948,0.101,136.0,48KQyOEsDflKNbt4yq6HgY,spotify:track:48KQyOEsDflKNbt4yq6HgY,185294,Aggressive
38,0.712,0.613,-8.512,0.277,0.245,0.0,0.11,0.381,95.96,0Y2EhhpZTKChZNerxIt6T9,spotify:track:0Y2EhhpZTKChZNerxIt6T9,235000,Aggressive
39,0.263,0.955,-5.27,0.0747,7.37e-06,0.0,0.116,0.263,99.68,6TORPqa2iHDlsJlAjtQzHB,spotify:track:6TORPqa2iHDlsJlAjtQzHB,279432,Aggressive
40,0.531,0.887,-4.417,0.0323,0.00264,0.000502,0.0657,0.621,104.025,67EfIBpKlV37lSIDOs77AN,spotify:track:67EfIBpKlV37lSIDOs77AN,231665,Aggressive
41,0.637,0.737,-2.875,0.185,0.133,0.0,0.34,0.101,90.521,4WVPpEGS7FX6TVkV0pHskN,spotify:track:4WVPpEGS7FX6TVkV0pHskN,223190,Aggressive
42,0.489,0.978,-2.123,0.0801,0.00189,1.36e-06,0.117,0.237,87.016,5txqGXUFEWkbPHE1NznsWe,spotify:track:5txqGXUFEWkbPHE1NznsWe,274387,Aggressive
43,0.217,0.905,-4.103,0.0752,0.000289,0.00011,0.222,0.236,96.95,5wQnmLuC1W7ATsArWACrgW,spotify:track:5wQnmLuC1W7ATsArWACrgW,311107,Aggressive
44,0.473,0.966,-1.953,0.323,0.0562,0.0,0.765,0.512,94.131,2iP3AaNoQLvwDZ3sxPfRVI,spotify:track:2iP3AaNoQLvwDZ3sxPfRVI,232680,Aggressive
45,0.698,0.765,-4.562,0.291,0.169,0.0,0.39,0.589,84.94,6xbZaeFj8BPE3HGXF7VVjX,spotify:track:6xbZaeFj8BPE3HGXF7VVjX,216000,Aggressive
46,0.589,0.89,-3.719,0.0603,0.000481,0.00082,0.201,0.692,90.598,5W8YXBz9MTIDyrpYaCg2Ky,spotify:track:5W8YXBz9MTIDyrpYaCg2Ky,199907,Aggressive
47,0.596,0.947,-4.514,0.218,0.0252,0.0,0.888,0.555,143.991,2fWSwWmKRuyioqIzOzuQGo,spotify:track:2fWSwWmKRuyioqIzOzuQGo,279373,Aggressive
48,0.855,0.712,-6.17,0.161,0.0903,0.0,0.0873,0.557,92.486,4EcF55fGcfwbZhGM7K1yLA,spotify:track:4EcF55fGcfwbZhGM7K1yLA,231573,Aggressive
49,0.484,0.959,-4.192,0.0444,6.29e-05,0.546,0.0889,0.317,122.022,3YtPZkOzdEey96FY20UGJS,spotify:track:3YtPZkOzdEey96FY20UGJS,272320,Aggressive
50,0.674,0.67,-6.36,0.0449,0.00253,0.0119,0.35,0.237,95.413,7Kho8NahTcrqnCK5IZGwJb,spotify:track:7Kho8NahTcrqnCK5IZGwJb,223253,Aggressive
51,0.349,0.968,-2.734,0.129,0.00116,0.0,0.226,0.481,199.9,152yLjLT2T0W8kf2hutvo1,spotify:track:152yLjLT2T0W8kf2hutvo1,224596,Aggressive
52,0.651,0.741,-5.067,0.0408,0.00293,1.2e-05,0.217,0.386,168.02,4IXiFMhtXEbSEG8UoAeTwD,spotify:track:4IXiFMhtXEbSEG8UoAeTwD,232773,Aggressive
53,0.612,0.889,-5.793,0.0431,0.0166,0.0,0.469,0.442,130.07,3vTweVhyRgJIjthsLnynQs,spotify:track:3vTweVhyRgJIjthsLnynQs,200538,Aggressive
54,0.454,0.964,-3.449,0.0773,1.57e-05,0.00161,0.0995,0.483,159.967,0Vjzh7V3g1zO2b4vfw7sEm,spotify:track:0Vjzh7V3g1zO2b4vfw7sEm,190187,Aggressive
55,0.509,0.93,-2.689,0.0474,0.00137,0.0,0.152,0.783,154.946,2ZICF8SFI5tHttaLJKMY1X,spotify:track:2ZICF8SFI5tHttaLJKMY1X,149640,Aggressive
56,0.767,0.864,-1.847,0.133,0.0116,0.0,0.0957,0.747,85.475,1pLQoF3VeG6KwNJRys3eq3,spotify:track:1pLQoF3VeG6KwNJRys3eq3,257907,Aggressive
57,0.572,0.984,-3.847,0.0626,0.00052,2.48e-06,0.044,0.524,104.345,7ycK2uijskzxp4cGpGNoCi,spotify:track:7ycK2uijskzxp4cGpGNoCi,165173,Aggressive
58,0.391,0.899,-4.105,0.0491,0.000811,0.0,0.313,0.539,175.937,4lUHxbFilSwlkl52me8x1W,spotify:track:4lUHxbFilSwlkl52me8x1W,209667,Aggressive
59,0.567,0.94,-4.162,0.0403,0.00198,0.0,0.286,0.636,133.916,2F7rCsOMeerE8ANPTUaJHZ,spotify:track:2F7rCsOMeerE8ANPTUaJHZ,206655,Aggressive
60,0.827,0.854,-3.508,0.133,0.247,0.0,0.377,0.462,105.1,2SxaA6dhE2lEP1faOFPCu8,spotify:track:2SxaA6dhE2lEP1faOFPCu8,176000,Aggressive
61,0.371,0.963,-2.85,0.125,0.00319,0.0,0.448,0.371,108.724,6l78mUZ86r0NrfRgni0LuM,spotify:track:6l78mUZ86r0NrfRgni0LuM,242990,Aggressive
62,0.71,0.811,-4.079,0.0431,0.00105,2.08e-06,0.0677,0.914,123.048,3jUTjCISntIUFL8jnAjzgc,spotify:track:3jUTjCISntIUFL8jnAjzgc,199200,Aggressive
63,0.536,0.951,-4.126,0.0498,0.00058,0.00165,0.14,0.491,99.116,0V5lmry5Citfw2drBNpEMy,spotify:track:0V5lmry5Citfw2drBNpEMy,205333,Aggressive
64,0.534,0.915,-5.896,0.0689,0.00421,0.0,0.339,0.656,137.049,0EJCULfMuclbUx8v6TdsZl,spotify:track:0EJCULfMuclbUx8v6TdsZl,175885,Aggressive
65,0.432,0.551,-7.922,0.326,0.000705,0.824,0.0674,0.526,189.698,28Fn2CkqbzXYC5PSkh0k91,spotify:track:28Fn2CkqbzXYC5PSkh0k91,227394,Aggressive
66,0.445,0.953,-2.463,0.0704,0.0106,0.0,0.281,0.475,172.063,2jfk3m8nq5IvB35s2xIs1O,spotify:track:2jfk3m8nq5IvB35s2xIs1O,225280,Aggressive
67,0.884,0.936,-3.931,0.167,0.206,0.0,0.262,0.758,120.004,4h7qcXBtaOJnmrapxoWxGf,spotify:track:4h7qcXBtaOJnmrapxoWxGf,236501,Aggressive
68,0.492,0.896,-5.819,0.117,0.000172,2.78e-06,0.189,0.534,184.981,1AEYT6VxrxXPMoQUxsY0E4,spotify:track:1AEYT6VxrxXPMoQUxsY0E4,285570,Aggressive
69,0.445,0.874,-7.15,0.0451,0.0232,7.57e-05,0.198,0.621,158.049,1b3IT1QKUDL15auiEBmpnK,spotify:track:1b3IT1QKUDL15auiEBmpnK,175823,Aggressive
70,0.523,0.981,-3.865,0.124,0.000593,3.66e-06,0.411,0.449,104.471,3mSZz9k6TzRpin74YEipgV,spotify:track:3mSZz9k6TzRpin74YEipgV,229773,Aggressive
71,0.306,0.873,-3.668,0.0567,0.00105,0.0,0.52,0.452,198.387,6gPd6brcBXlbGdy1obe234,spotify:track:6gPd6brcBXlbGdy1obe234,186373,Aggressive
72,0.535,0.974,-4.085,0.0696,0.000385,1.8e-05,0.0932,0.378,102.043,0X0wvZuhTcTU03Roz9fPJA,spotify:track:0X0wvZuhTcTU03Roz9fPJA,238379,Aggressive
73,0.581,0.83,-7.032,0.475,0.296,0.0,0.325,0.52,118.332,5KUiLOgwUB2Y8dzTBv8j7R,spotify:track:5KUiLOgwUB2Y8dzTBv8j7R,241827,Aggressive
74,0.614,0.754,-3.866,0.0255,0.00749,0.0,0.0919,0.672,88.971,0vps0wYg8udCkEQ2EYkQRg,spotify:track:0vps0wYg8udCkEQ2EYkQRg,215440,Aggressive
75,0.615,0.767,-6.066,0.123,0.243,4.05e-05,0.144,0.299,140.138,6S7XekjbMtUQxhgySaIK8W,spotify:track:6S7XekjbMtUQxhgySaIK8W,291429,Aggressive
76,0.548,0.847,-3.237,0.186,0.0622,0.0,0.0816,0.1,171.447,4xkOaSrkexMciUUogZKVTS,spotify:track:4xkOaSrkexMciUUogZKVTS,297787,Aggressive
77,0.342,0.928,-3.569,0.0724,0.036,0.0,0.177,0.283,185.104,3OZ0YmANXXnladoGzqAml2,spotify:track:3OZ0YmANXXnladoGzqAml2,178373,Aggressive
78,0.633,0.881,-3.526,0.171,0.549,0.0,0.267,0.571,74.965,7qK3sX9MNReAgUQ6jdTAWC,spotify:track:7qK3sX9MNReAgUQ6jdTAWC,176488,Aggressive
79,0.452,0.962,-3.063,0.0831,0.00901,0.0,0.065,0.566,164.032,4Ahphc0UzRSoMpJRHgnGQK,spotify:track:4Ahphc0UzRSoMpJRHgnGQK,208827,Aggressive
80,0.729,0.928,-4.279,0.0515,0.282,0.00147,0.12,0.322,109.996,4VZH6OfxPy1nNE7KbtVKyK,spotify:track:4VZH6OfxPy1nNE7KbtVKyK,194182,Aggressive
81,0.498,0.972,-3.443,0.196,0.000994,0.0,0.213,0.334,74.99,5HDG2PPLki6wowJvZbAH9d,spotify:track:5HDG2PPLki6wowJvZbAH9d,201340,Aggressive
82,0.593,0.789,-4.48,0.275,0.16,0.0,0.619,0.58,91.189,79t5idiRhbDB1oLaVcTVsD,spotify:track:79t5idiRhbDB1oLaVcTVsD,285453,Aggressive
83,0.434,0.939,-2.983,0.0593,0.0425,0.0,0.491,0.569,159.932,0KCr0VngtbPhpbngIIfiLW,spotify:track:0KCr0VngtbPhpbngIIfiLW,209493,Aggressive
84,0.34,0.76,-7.753,0.129,0.0357,0.0448,0.0955,0.0381,182.071,6E7mneOYKKKFivxPHeRWE7,spotify:track:6E7mneOYKKKFivxPHeRWE7,233593,Aggressive
85,0.539,0.921,-2.688,0.118,5.08e-05,1.47e-06,0.262,0.232,107.049,6xrqktHyZEDvPJSEsxuwYz,spotify:track:6xrqktHyZEDvPJSEsxuwYz,238213,Aggressive
86,0.726,0.626,-8.884,0.0332,0.0135,0.0,0.112,0.634,129.996,5UDIJbA6a3epCgntdODPCl,spotify:track:5UDIJbA6a3epCgntdODPCl,287073,Aggressive
87,0.643,0.954,-3.255,0.108,0.00528,0.0,0.466,0.54,114.964,4I58RPHVzDldHfK3t5HiZA,spotify:track:4I58RPHVzDldHfK3t5HiZA,224087,Aggressive
88,0.59,0.823,-4.606,0.0394,0.00187,0.0,0.375,0.571,129.969,3tfTwukbzAVanIvsYeIEmj,spotify:track:3tfTwukbzAVanIvsYeIEmj,170427,Aggressive
89,0.686,0.862,-3.426,0.034,0.00207,1.12e-05,0.148,0.472,87.48,2ouOVzQTzSsLa2OH1Zxhvu,spotify:track:2ouOVzQTzSsLa2OH1Zxhvu,187654,Aggressive
90,0.751,0.693,-6.021,0.22,0.0168,0.0,0.225,0.559,92.031,3hrh0gPGdpZiNYxkgpYe2Y,spotify:track:3hrh0gPGdpZiNYxkgpYe2Y,192813,Aggressive
91,0.603,0.886,-3.777,0.0837,0.00045,0.0,0.26,0.395,126.025,0i8JFpqe9cKwnrcvoNgl1L,spotify:track:0i8JFpqe9cKwnrcvoNgl1L,229933,Aggressive
92,0.509,0.938,-3.883,0.0715,0.000644,0.00246,0.14,0.335,94.019,6rSuL1ViLO7Aljn2WD09s4,spotify:track:6rSuL1ViLO7Aljn2WD09s4,204347,Aggressive
93,0.376,0.95,-4.067,0.0641,0.00021,0.0,0.0377,0.438,178.018,6OMO6WdRhSfjMPAiPT94wH,spotify:track:6OMO6WdRhSfjMPAiPT94wH,179160,Aggressive
94,0.564,0.865,-7.384,0.121,0.000583,0.0,0.056,0.726,183.052,2RZWdE8kYPlCAcRUYDeuLC,spotify:track:2RZWdE8kYPlCAcRUYDeuLC,198173,Aggressive
95,0.328,0.974,-2.863,0.169,0.00123,0.0,0.3,0.334,194.198,5rRwE8PjHsBXfvQ2toLAA9,spotify:track:5rRwE8PjHsBXfvQ2toLAA9,206826,Aggressive
96,0.378,0.985,-3.86,0.262,0.00827,0.0,0.534,0.41,193.035,5vB0cxSvzXuVh15EDD0Cej,spotify:track:5vB0cxSvzXuVh15EDD0Cej,213133,Aggressive
97,0.556,0.868,-5.741,0.0441,0.00157,0.0,0.512,0.433,164.075,2mumY7rLurSxmnWIC1PCtc,spotify:track:2mumY7rLurSxmnWIC1PCtc,224213,Aggressive
98,0.618,0.815,-5.997,0.328,0.146,0.0,0.222,0.388,168.095,3ZpwwnyXZLppRzSY1DG5lx,spotify:track:3ZpwwnyXZLppRzSY1DG5lx,241891,Aggressive
99,0.537,0.898,-1.819,0.134,0.0049,0.0,0.15,0.575,102.513,4ofZe3eFWlNKC0FYEFOSvG,spotify:track:4ofZe3eFWlNKC0FYEFOSvG,198365,Aggressive
0,0.763,0.726,-6.405,0.282,0.259,0.0,0.0976,0.349,139.059,7floNISpH8VF4z4459Qo18,spotify:track:7floNISpH8VF4z4459Qo18,126346,Aggressive
1,0.493,0.826,-3.106,0.311,0.095,3.42e-06,0.252,0.75,112.865,6R0GRYk2vs2XuBVemYK5YZ,spotify:track:6R0GRYk2vs2XuBVemYK5YZ,189974,Aggressive
2,0.668,0.805,-4.964,0.101,0.161,1.69e-06,0.139,0.31,150.021,1T5mVPJE6LilJ7f73L3UDo,spotify:track:1T5mVPJE6LilJ7f73L3UDo,166624,Aggressive
3,0.796,0.549,-6.285,0.0672,0.00572,0.335,0.0719,0.0479,109.998,0LX4f8NnYnGxuryfP1MtJf,spotify:track:0LX4f8NnYnGxuryfP1MtJf,169320,Aggressive
4,0.815,0.486,-8.733,0.0912,0.173,0.0,0.12,0.161,108.985,0cbTAd02EwRloIIOjTTCDC,spotify:track:0cbTAd02EwRloIIOjTTCDC,141846,Aggressive
5,0.843,0.286,-10.575,0.352,0.0125,1.69e-06,0.0681,0.265,120.06,4UUFTQKwwId0n1P9t4ZQhx,spotify:track:4UUFTQKwwId0n1P9t4ZQhx,146064,Aggressive
6,0.88,0.335,-9.757,0.379,0.0387,0.0,0.0677,0.214,119.98,33OG3eJX77UAcaTzQa0xIu,spotify:track:33OG3eJX77UAcaTzQa0xIu,210129,Aggressive
7,0.635,0.698,-8.242,0.469,0.145,0.0,0.205,0.53,153.124,4cr3qfdLz6co4iwSomOYw5,spotify:track:4cr3qfdLz6co4iwSomOYw5,286440,Aggressive
8,0.755,0.695,-5.963,0.26,0.0179,0.0,0.107,0.493,128.063,3WUa9TpHDoRGeChKDRRUqv,spotify:track:3WUa9TpHDoRGeChKDRRUqv,101851,Aggressive
9,0.714,0.853,-4.9,0.304,0.205,0.0,0.116,0.178,102.034,3IIArPxV2jUXk2zTKbzCVx,spotify:track:3IIArPxV2jUXk2zTKbzCVx,220656,Aggressive
10,0.803,0.789,-3.434,0.0383,0.0304,0.0,0.378,0.647,119.999,1rsAFUCa6BVMgRQ3FCQQsi,spotify:track:1rsAFUCa6BVMgRQ3FCQQsi,106021,Aggressive
11,0.793,0.366,-10.051,0.136,0.0214,0.0,0.0964,0.278,122.991,2INqEk4ko5AsGVLBsiKiQe,spotify:track:2INqEk4ko5AsGVLBsiKiQe,159522,Aggressive
12,0.825,0.761,-5.389,0.104,0.0111,0.00359,0.334,0.161,149.97,5o7ZDvfOry1MNhNLBOJulo,spotify:track:5o7ZDvfOry1MNhNLBOJulo,163371,Aggressive
13,0.938,0.813,-6.872,0.27,0.0624,1.23e-06,0.0801,0.73,122.984,2gfKNyAHI4MBwBkkP3hXCE,spotify:track:2gfKNyAHI4MBwBkkP3hXCE,90747,Aggressive
14,0.681,0.659,-6.405,0.268,0.000856,8.17e-06,0.11,0.225,156.004,7uuBfgY1vBCalrQRyyQhqs,spotify:track:7uuBfgY1vBCalrQRyyQhqs,173294,Aggressive
15,0.717,0.925,-4.246,0.311,0.244,0.0,0.287,0.412,137.989,3STThGLjuFSaoseZvWupmx,spotify:track:3STThGLjuFSaoseZvWupmx,212245,Aggressive
16,0.781,0.553,-4.277,0.0735,0.201,0.000233,0.383,0.308,121.968,1fEl5TPKRJAsuP6TqZ23hB,spotify:track:1fEl5TPKRJAsuP6TqZ23hB,135497,Aggressive
17,0.822,0.92,-2.031,0.0449,0.18,0.00152,0.425,0.33,119.984,1d1CEnqzJk3f7nooWfdefu,spotify:track:1d1CEnqzJk3f7nooWfdefu,116053,Aggressive
18,0.646,0.963,-0.092,0.288,0.00498,0.0,0.309,0.539,149.987,78EDmwVdZzp6vTl3hVWzpW,spotify:track:78EDmwVdZzp6vTl3hVWzpW,121913,Aggressive
19,0.625,0.45,-9.985,0.0311,0.0776,0.000217,0.117,0.0362,92.974,7Cye3UbCA6UNuDykdCf3AB,spotify:track:7Cye3UbCA6UNuDykdCf3AB,206472,Aggressive
20,0.81,0.735,-4.522,0.171,0.00454,0.0828,0.115,0.134,119.994,5VphpldmtVyZH6S8RpHWLT,spotify:track:5VphpldmtVyZH6S8RpHWLT,192000,Aggressive
21,0.839,0.526,-5.87,0.083,0.004,3.34e-06,0.111,0.158,131.942,2HIyiTyHaweHWBTC3jIMjp,spotify:track:2HIyiTyHaweHWBTC3jIMjp,126171,Aggressive
22,0.663,0.848,-4.03,0.0955,0.0299,1.23e-06,0.145,0.326,120.977,0BiKFgl8a6UZvJhv8v0tCb,spotify:track:0BiKFgl8a6UZvJhv8v0tCb,168673,Aggressive
23,0.81,0.585,-7.037,0.288,0.248,0.0115,0.0959,0.281,139.968,4zIMuGSdbGTahvHB7CloVR,spotify:track:4zIMuGSdbGTahvHB7CloVR,137107,Aggressive
24,0.473,0.772,-6.332,0.317,0.0212,0.0,0.399,0.303,130.32,44AH8XwgrebHvQAZJbSrsV,spotify:track:44AH8XwgrebHvQAZJbSrsV,307905,Aggressive
25,0.878,0.233,-11.311,0.603,0.242,0.0,0.0817,0.135,134.956,6IgtGf4ZmG3OPLmE1PFXrr,spotify:track:6IgtGf4ZmG3OPLmE1PFXrr,128669,Aggressive
26,0.66,0.775,-4.926,0.172,0.0553,0.0,0.129,0.635,157.036,2vjmyyAnDUzilFYxOlTdO1,spotify:track:2vjmyyAnDUzilFYxOlTdO1,157643,Aggressive
27,0.755,0.631,-4.485,0.476,0.184,0.0,0.221,0.198,182.389,5NT0aZqWImC9fTzkW4z48o,spotify:track:5NT0aZqWImC9fTzkW4z48o,142582,Aggressive
28,0.599,0.857,-5.7,0.299,0.0321,0.0,0.4,0.469,187.985,0zl3PdjIl320fK0pxBGWNR,spotify:track:0zl3PdjIl320fK0pxBGWNR,151915,Aggressive
29,0.585,0.895,-3.663,0.136,0.0505,0.00423,0.32,0.181,119.904,7Cq27Qc3WRyQ3ddwVslpVZ,spotify:track:7Cq27Qc3WRyQ3ddwVslpVZ,193567,Aggressive
30,0.808,0.581,-8.793,0.269,0.104,0.0,0.379,0.722,116.988,3xFqnmy3DltBMTOQVL2xvS,spotify:track:3xFqnmy3DltBMTOQVL2xvS,210387,Aggressive
31,0.694,0.514,-11.063,0.0449,0.0336,0.000164,0.115,0.136,120.011,3MAfAtD9lKvugbWzaz21LS,spotify:track:3MAfAtD9lKvugbWzaz21LS,142000,Aggressive
32,0.973,0.446,-9.355,0.0612,0.0303,1.75e-05,0.121,0.265,115.039,3kZAm2TC74lBJFPDoV40Qc,spotify:track:3kZAm2TC74lBJFPDoV40Qc,135340,Aggressive
33,0.489,0.562,-6.071,0.0349,0.0131,0.00133,0.117,0.0397,94.91,17ogq23URBFExgIEnqbzOv,spotify:track:17ogq23URBFExgIEnqbzOv,126302,Aggressive
34,0.476,0.781,-4.71,0.103,0.0237,0.0,0.114,0.175,93.474,4H74gbbaADS905j4pgCfbb,spotify:track:4H74gbbaADS905j4pgCfbb,123661,Aggressive
35,0.618,0.743,-4.458,0.234,0.0191,0.0232,0.452,0.249,120.16,1rr9KQgLpdA8gN307EufaA,spotify:track:1rr9KQgLpdA8gN307EufaA,151690,Aggressive
36,0.839,0.687,-7.071,0.139,0.0615,6.24e-06,0.0586,0.0752,121.949,7jMm9nHuU9DhQzDDAtWfqK,spotify:track:7jMm9nHuU9DhQzDDAtWfqK,246360,Aggressive
37,0.674,0.892,-4.58,0.177,0.079,0.000252,0.346,0.458,145.975,1s8TAeakEw0eFBwIru8fJO,spotify:track:1s8TAeakEw0eFBwIru8fJO,174393,Aggressive
38,0.519,0.812,-5.253,0.0955,0.00376,4.9e-06,0.166,0.125,139.923,0L3KTdcdKyugN5j7hB3yj4,spotify:track:0L3KTdcdKyugN5j7hB3yj4,192496,Aggressive
39,0.849,0.648,-6.188,0.0832,0.0725,0.00592,0.0984,0.196,106.075,4irYeuAi87yyGHcI4h9s0x,spotify:track:4irYeuAi87yyGHcI4h9s0x,111020,Aggressive
40,0.909,0.573,-6.856,0.181,0.0332,0.0163,0.657,0.392,144.946,7tUXZgLbOCvRJ9FBlairoU,spotify:track:7tUXZgLbOCvRJ9FBlairoU,134271,Aggressive
41,0.774,0.413,-8.835,0.31,0.0112,6.96e-05,0.218,0.127,108.036,5DNTCKpA8utYEWLIBcfkBS,spotify:track:5DNTCKpA8utYEWLIBcfkBS,108852,Aggressive
42,0.829,0.59,-7.818,0.263,0.0391,0.0107,0.114,0.332,112.97,0KRKqIJPX6LT9v1ZQGbfn7,spotify:track:0KRKqIJPX6LT9v1ZQGbfn7,127128,Aggressive
43,0.727,0.62,-6.443,0.306,0.398,0.0,0.0926,0.555,105.003,658I1uDnmLSiltFCf98AWE,spotify:track:658I1uDnmLSiltFCf98AWE,169979,Aggressive
44,0.77,0.609,-6.38,0.372,0.00624,0.000121,0.128,0.293,140.15,3PLHEJsJTGsDg2ExhxZetY,spotify:track:3PLHEJsJTGsDg2ExhxZetY,93727,Aggressive
45,0.499,0.665,-5.175,0.325,0.131,0.00219,0.132,0.197,119.934,5VfMwt9My7JDyfbxilXjkw,spotify:track:5VfMwt9My7JDyfbxilXjkw,199500,Aggressive
46,0.779,0.767,-5.462,0.258,0.00214,0.0,0.102,0.523,91.981,6kp0inxIexxSiDJfWqq0ZL,spotify:track:6kp0inxIexxSiDJfWqq0ZL,154565,Aggressive
47,0.831,0.814,-7.364,0.42,0.0598,0.0134,0.0556,0.389,156.985,2Vc6NJ9PW9gD9q343XFRKx,spotify:track:2Vc6NJ9PW9gD9q343XFRKx,124539,Aggressive
48,0.398,0.805,-10.423,0.203,0.225,0.0343,0.102,0.303,89.928,0tZoZZlZOxLXidgrNrF38p,spotify:track:0tZoZZlZOxLXidgrNrF38p,145920,Aggressive
49,0.348,0.925,-6.411,0.326,0.00171,2.31e-06,0.372,0.142,139.056,06JaZOCOBEWlsY0TEfBwqc,spotify:track:06JaZOCOBEWlsY0TEfBwqc,149802,Aggressive
50,0.465,0.96,-4.772,0.467,0.0878,6.11e-05,0.383,0.164,119.938,2fMCv3yixOLxHX1VIkJkSi,spotify:track:2fMCv3yixOLxHX1VIkJkSi,110811,Aggressive
51,0.401,0.736,-4.99,0.311,0.104,0.0571,0.198,0.301,100.036,2LymrmdPzZttyG6fNQCuym,spotify:track:2LymrmdPzZttyG6fNQCuym,126003,Aggressive
52,0.628,0.573,-8.161,0.0673,0.00362,0.0,0.0874,0.0387,115.503,2XLdbJRfl2UHHzIurEFgAA,spotify:track:2XLdbJRfl2UHHzIurEFgAA,132702,Aggressive
53,0.56,0.976,-0.631,0.0527,0.0713,0.0,0.315,0.116,140.065,3cy5kSb3ZxYKoPg3WRgQoT,spotify:track:3cy5kSb3ZxYKoPg3WRgQoT,147429,Aggressive
54,0.556,0.992,1.012,0.357,0.0216,0.0,0.453,0.544,139.974,7FtWVXTk9Uw9gTDxUrt8ar,spotify:track:7FtWVXTk9Uw9gTDxUrt8ar,140643,Aggressive
55,0.523,0.867,-3.397,0.225,0.0406,3.81e-06,0.384,0.495,114.422,6Fz6DNeFPJN8PwuSEJkzw5,spotify:track:6Fz6DNeFPJN8PwuSEJkzw5,127687,Aggressive
56,0.514,0.636,-8.255,0.0477,0.00763,0.864,0.406,0.0936,139.953,1ofn1fyK3vqoW9brbxn5pF,spotify:track:1ofn1fyK3vqoW9brbxn5pF,130500,Aggressive
57,0.569,0.907,-5.226,0.391,0.0148,4.91e-05,0.0894,0.326,119.922,1eBg9Rix0XTms2en8xSn7E,spotify:track:1eBg9Rix0XTms2en8xSn7E,132630,Aggressive
58,0.836,0.708,-4.065,0.0494,5.19e-05,0.0,0.0927,0.0374,120.045,1j82fFDqVM2Sgb8tfMidBv,spotify:track:1j82fFDqVM2Sgb8tfMidBv,76042,Aggressive
59,0.709,0.583,-5.738,0.185,0.0698,1.79e-06,0.0519,0.0376,144.819,6XKUDYEbfo5zFupDkNGvrV,spotify:track:6XKUDYEbfo5zFupDkNGvrV,156038,Aggressive
60,0.317,0.959,-0.962,0.538,0.118,1.44e-06,0.293,0.0648,179.789,0da0nAdTGQNZ5jPUtZK0Vg,spotify:track:0da0nAdTGQNZ5jPUtZK0Vg,133351,Aggressive
61,0.543,0.909,-3.199,0.284,0.0254,0.0,0.126,0.43,139.833,4fXtpQEh7EMrnWaf1lDpeE,spotify:track:4fXtpQEh7EMrnWaf1lDpeE,137143,Aggressive
62,0.526,0.965,2.363,0.31,0.105,1.15e-06,0.371,0.244,109.793,1meazaxMBeObBXh4sHxgee,spotify:track:1meazaxMBeObBXh4sHxgee,154255,Aggressive
63,0.613,0.98,-0.291,0.377,0.191,0.0,0.835,0.321,140.037,1dTxhLlIqMpySzMn758GXi,spotify:track:1dTxhLlIqMpySzMn758GXi,154552,Aggressive
64,0.729,0.799,-6.136,0.111,0.0573,4.18e-06,0.289,0.439,144.025,4d8BSdhx6WT5GtTOWpv4rh,spotify:track:4d8BSdhx6WT5GtTOWpv4rh,240213,Aggressive
65,0.521,0.799,-3.418,0.119,0.00213,0.00238,0.197,0.58,129.991,6L1xCoabUfZUvYJ4NvPY2l,spotify:track:6L1xCoabUfZUvYJ4NvPY2l,175423,Aggressive
66,0.631,0.657,-7.923,0.104,0.000447,0.0123,0.54,0.137,114.819,4d99Bcb8doOvy5VsKJVUBU,spotify:track:4d99Bcb8doOvy5VsKJVUBU,90712,Aggressive
67,0.566,0.876,-1.473,0.0639,0.015,0.0,0.091,0.0832,130.159,509tVeGxQtAkg4VsrQqnFC,spotify:track:509tVeGxQtAkg4VsrQqnFC,112536,Aggressive
68,0.546,0.787,-3.357,0.0456,0.000821,0.672,0.0905,0.266,130.113,0a7dm5jcVp3j0sQeq6GYyN,spotify:track:0a7dm5jcVp3j0sQeq6GYyN,114471,Aggressive
69,0.618,0.98,-0.749,0.132,0.344,0.0,0.383,0.155,117.125,2Eb5AK8EUN8oz5nlzSr4b7,spotify:track:2Eb5AK8EUN8oz5nlzSr4b7,169231,Aggressive
70,0.481,0.857,-2.034,0.0409,0.00011,2.75e-05,0.154,0.186,155.998,0pKBj3LRjGJ6iinoPs33Rc,spotify:track:0pKBj3LRjGJ6iinoPs33Rc,128000,Aggressive
71,0.245,0.852,-3.215,0.487,0.0329,0.242,0.76,0.165,170.312,0oWsCGzK0hUCUxTQ2HtNGy,spotify:track:0oWsCGzK0hUCUxTQ2HtNGy,104471,Aggressive
72,0.686,0.797,-9.339,0.541,0.135,5.45e-06,0.0766,0.486,134.861,45IHQJ9qhPLz119sXzsydj,spotify:track:45IHQJ9qhPLz119sXzsydj,134060,Aggressive
73,0.547,0.971,-1.469,0.456,0.0891,0.0,0.251,0.495,160.159,0QYXLSF8shBrQXcoGsBePR,spotify:track:0QYXLSF8shBrQXcoGsBePR,182787,Aggressive
74,0.652,0.883,-2.591,0.176,0.00634,0.0,0.315,0.0611,137.908,2YVjyeoxb2Pyzqbc6teqyq,spotify:track:2YVjyeoxb2Pyzqbc6teqyq,108147,Aggressive
75,0.473,0.843,-5.981,0.225,0.00345,2.53e-05,0.102,0.24,71.647,1K86gziny1mnNIisKBqzhH,spotify:track:1K86gziny1mnNIisKBqzhH,183536,Aggressive
76,0.542,0.908,-2.857,0.0575,0.0966,0.0,0.134,0.509,78.048,0T6wsLOq4GmZL4HtOseM4k,spotify:track:0T6wsLOq4GmZL4HtOseM4k,102587,Aggressive
77,0.784,0.453,-5.545,0.35,0.0378,0.000375,0.356,0.0733,139.04,0pEmCGi4ZwJvXmGVvPeaDi,spotify:track:0pEmCGi4ZwJvXmGVvPeaDi,151131,Aggressive
78,0.808,0.617,-9.32,0.442,0.113,0.0,0.734,0.632,149.962,74lnM5V6ecvoTPV0fvptx9,spotify:track:74lnM5V6ecvoTPV0fvptx9,166400,Aggressive
79,0.638,0.946,-3.685,0.315,0.186,0.0,0.399,0.583,85.015,07miQb315ezd5obb3PPzQB,spotify:track:07miQb315ezd5obb3PPzQB,151107,Aggressive
80,0.768,0.85,-6.606,0.0458,0.0215,0.0,0.305,0.251,122.429,540TGB8rGRvADQ3wS2zufL,spotify:track:540TGB8rGRvADQ3wS2zufL,80690,Aggressive
81,0.569,0.854,-2.987,0.325,0.0164,0.0,0.218,0.148,136.151,0h9fXUdWJrA5hXnIGZktZw,spotify:track:0h9fXUdWJrA5hXnIGZktZw,100588,Aggressive
82,0.607,0.719,-4.086,0.117,0.0277,0.0,0.465,0.213,140.08,1TisGU2iKuIvJUm23gAg6d,spotify:track:1TisGU2iKuIvJUm23gAg6d,130064,Aggressive
83,0.956,0.5,-7.159,0.166,0.00763,1.16e-06,0.125,0.3,129.006,1otcpLWDaprg3BOtE5MadV,spotify:track:1otcpLWDaprg3BOtE5MadV,104255,Aggressive
84,0.713,0.555,-8.707,0.0346,0.216,0.0,0.103,0.375,115.978,4AdoFtd3t8AJruXmTRWfNX,spotify:track:4AdoFtd3t8AJruXmTRWfNX,200687,Aggressive
85,0.518,0.704,-5.745,0.186,0.00509,2.29e-05,0.343,0.224,137.934,0M0sZSQR2r7J8eNDjTjhmO,spotify:track:0M0sZSQR2r7J8eNDjTjhmO,198458,Aggressive
86,0.528,0.841,-4.689,0.199,0.0301,0.0,0.269,0.338,139.998,38Q1UlURazKzjjefYREQUc,spotify:track:38Q1UlURazKzjjefYREQUc,116571,Aggressive
87,0.643,0.805,-6.691,0.0974,0.0165,0.0,0.379,0.205,129.865,4hqAEmMOw9IUq0ujmmedGb,spotify:track:4hqAEmMOw9IUq0ujmmedGb,144000,Aggressive
88,0.858,0.464,-7.152,0.274,0.184,0.0,0.412,0.0881,130.164,5gN2Z0Xp82DsWstq3lHGRi,spotify:track:5gN2Z0Xp82DsWstq3lHGRi,142154,Aggressive
89,0.373,0.862,-1.98,0.0612,0.162,0.0,0.48,0.32,113.252,5T0YyRxyxtLDxLYJhLjqWM,spotify:track:5T0YyRxyxtLDxLYJhLjqWM,150267,Aggressive
90,0.59,0.853,-6.03,0.541,0.0538,0.0,0.354,0.401,141.995,2KzojgmXHO92bQMpyiz4oZ,spotify:track:2KzojgmXHO92bQMpyiz4oZ,138000,Aggressive
91,0.774,0.751,-2.445,0.198,0.0614,0.0,0.0728,0.189,109.98,37gqBnUAZe8BY8WR56kDNk,spotify:track:37gqBnUAZe8BY8WR56kDNk,140326,Aggressive
92,0.665,0.905,-5.785,0.253,0.161,0.0669,0.907,0.288,114.938,1nB6VmrPybx4xwkL80OqdA,spotify:track:1nB6VmrPybx4xwkL80OqdA,147305,Aggressive
93,0.751,0.529,-10.398,0.0328,0.393,0.0336,0.101,0.063,129.979,5sqXH7GlmZmToMnGs6Q0nz,spotify:track:5sqXH7GlmZmToMnGs6Q0nz,162894,Aggressive
94,0.695,0.505,-11.742,0.0637,0.176,0.395,0.161,0.107,118.045,21d1P7ckHoTJr1l1ZmtFxU,spotify:track:21d1P7ckHoTJr1l1ZmtFxU,135262,Aggressive
95,0.703,0.551,-9.939,0.265,0.134,1.11e-05,0.311,0.375,150.023,4ogq83eKhBYXjzRaEtigvV,spotify:track:4ogq83eKhBYXjzRaEtigvV,172019,Aggressive
96,0.447,0.949,-5.043,0.209,0.0814,0.0,0.406,0.24,153.995,4NIxSd3Rlyr0qBb9ejTC2z,spotify:track:4NIxSd3Rlyr0qBb9ejTC2z,176173,Aggressive
97,0.692,0.831,-2.909,0.0639,0.00495,1.9e-05,0.434,0.0984,141.072,2u0zjh7LkkHAiqYvh596F6,spotify:track:2u0zjh7LkkHAiqYvh596F6,119380,Aggressive
98,0.577,0.896,-4.247,0.413,0.0736,0.0,0.627,0.371,144.998,6TBG2B3jJukN4lr5LOwyJH,spotify:track:6TBG2B3jJukN4lr5LOwyJH,76000,Aggressive
99,0.541,0.897,-1.613,0.16,0.00848,0.0,0.322,0.457,125.018,1lOSZBX4HxLqzMwdYxluVI,spotify:track:1lOSZBX4HxLqzMwdYxluVI,130560,Aggressive
0,0.72,0.715,-4.652,0.04,0.258,0.0568,0.107,0.357,107.041,5LYMamLv12UPbemOaTPyeV,spotify:track:5LYMamLv12UPbemOaTPyeV,193813,Happy
1,0.573,0.781,-6.406,0.0555,0.0767,2.64e-05,0.0813,0.343,139.934,1UZOjK1BwmwWU14Erba9CZ,spotify:track:1UZOjK1BwmwWU14Erba9CZ,231907,Happy
2,0.491,0.583,-10.964,0.0376,0.185,0.0,0.406,0.908,150.566,3yrSvpt2l1xhsV9Em88Pul,spotify:track:3yrSvpt2l1xhsV9Em88Pul,183307,Happy
3,0.731,0.804,-7.621,0.0473,0.172,0.00028,0.0685,0.957,107.383,7GVUmCP00eSsqc4tzj1sDD,spotify:track:7GVUmCP00eSsqc4tzj1sDD,205933,Happy
4,0.443,0.533,-5.956,0.0473,0.429,3.66e-06,0.332,0.596,183.791,2DNXgvkyv35vTWvdgjs7qn,spotify:track:2DNXgvkyv35vTWvdgjs7qn,222813,Happy
5,0.583,0.905,-6.132,0.0733,0.0984,0.00019,0.0593,0.646,173.982,2vz1CsL5WBsbpBcwgboTAw,spotify:track:2vz1CsL5WBsbpBcwgboTAw,226827,Happy
6,0.697,0.832,-7.264,0.0298,0.168,0.00131,0.269,0.979,125.926,2grjqo0Frpf2okIBiifQKs,spotify:track:2grjqo0Frpf2okIBiifQKs,215093,Happy
7,0.709,0.824,-8.824,0.0453,0.207,0.000307,0.0888,0.867,118.818,2tUBqZG2AbRi7Q0BIrVrEj,spotify:track:2tUBqZG2AbRi7Q0BIrVrEj,291293,Happy
8,0.425,0.954,-3.756,0.0476,0.00414,0.0,0.0555,0.933,178.043,0Ph6L4l8dYUuXFmb71Ajnd,spotify:track:0Ph6L4l8dYUuXFmb71Ajnd,243160,Happy
9,0.388,0.338,-10.054,0.0329,0.652,3.73e-06,0.248,0.478,177.765,2RlgNHKcydI9sayD2Df2xp,spotify:track:2RlgNHKcydI9sayD2Df2xp,303373,Happy
10,0.346,0.741,-5.578,0.0365,0.0035,2.91e-06,0.347,0.359,168.902,74kqTZLnGoPtCwGecA37Xi,spotify:track:74kqTZLnGoPtCwGecA37Xi,223718,Happy
11,0.715,0.97,-2.206,0.0648,0.0644,0.000156,0.205,0.963,79.504,3AszgPDZd9q0DpDFt4HFBy,spotify:track:3AszgPDZd9q0DpDFt4HFBy,239240,Happy
12,0.699,0.882,-3.896,0.0311,0.00296,0.0544,0.13,0.657,120.016,6jg5SRvdGxvJ0DzNV0UqEK,spotify:track:6jg5SRvdGxvJ0DzNV0UqEK,196813,Happy
13,0.77,0.732,-4.601,0.0508,0.0305,0.0,0.157,0.889,110.011,3JTjLyrnevl9ASw3ayGO2P,spotify:track:3JTjLyrnevl9ASw3ayGO2P,222680,Happy
14,0.669,0.727,-7.588,0.0353,0.139,0.0,0.123,0.807,102.322,6xkryXuiZU360Lngd4sx13,spotify:track:6xkryXuiZU360Lngd4sx13,243493,Happy
15,0.498,0.795,-5.992,0.0444,0.00482,5.37e-05,0.124,0.762,172.564,0aqRkWPAL9BGCvvdSiXaE9,spotify:track:0aqRkWPAL9BGCvvdSiXaE9,207307,Happy
16,0.468,0.779,-4.839,0.0779,0.112,0.000373,0.101,0.26,173.799,1yvMUkIOTeUNtNWlWRgANS,spotify:track:1yvMUkIOTeUNtNWlWRgANS,217747,Happy
17,0.838,0.546,-6.811,0.295,0.153,0.0,0.0656,0.745,137.027,51LIqkda3pTeECZUhMnool,spotify:track:51LIqkda3pTeECZUhMnool,206533,Happy
18,0.692,0.651,-8.267,0.0324,0.292,0.00241,0.105,0.706,97.923,0bRXwKfigvpKZUurwqAlEh,spotify:track:0bRXwKfigvpKZUurwqAlEh,254560,Happy
19,0.649,0.888,-4.807,0.0293,0.013,2.23e-06,0.0888,0.553,100.975,2lwwrWVKdf3LR9lbbhnr6R,spotify:track:2lwwrWVKdf3LR9lbbhnr6R,208467,Happy
20,0.815,0.518,-6.594,0.0897,0.223,0.0,0.104,0.877,151.891,0uI7yAKUf52Cn7y3sYyjiX,spotify:track:0uI7yAKUf52Cn7y3sYyjiX,177667,Happy
21,0.652,0.749,-5.248,0.0886,0.0848,0.0,0.604,0.651,94.103,1z6WtY7X4HQJvzxC4UgkSf,spotify:track:1z6WtY7X4HQJvzxC4UgkSf,267413,Happy
22,0.751,0.713,-5.846,0.0654,0.0246,2.74e-05,0.157,0.474,102.005,0ZERGmkfuDSrLaIzEGFdiH,spotify:track:0ZERGmkfuDSrLaIzEGFdiH,187095,Happy
23,0.659,0.729,-6.436,0.138,0.274,0.0,0.245,0.722,169.998,5phuEZAscX7xyQgvxyLKir,spotify:track:5phuEZAscX7xyQgvxyLKir,153500,Happy
24,0.765,0.791,-5.707,0.0317,0.262,0.000154,0.0669,0.966,95.026,2TTYIwTM2iLC1YOyHuhRMt,spotify:track:2TTYIwTM2iLC1YOyHuhRMt,206227,Happy
25,0.5,0.748,-9.072,0.0363,0.127,0.0,0.447,0.514,118.852,4bHsxqR3GMrXTxEPLuK5ue,spotify:track:4bHsxqR3GMrXTxEPLuK5ue,250987,Happy
26,0.843,0.48,-11.574,0.0492,0.28,0.000782,0.108,0.762,101.993,2BydLQAh7CUIFvSEqAMc4x,spotify:track:2BydLQAh7CUIFvSEqAMc4x,180493,Happy
27,0.761,0.784,-4.977,0.133,0.15,0.0,0.125,0.691,114.93,0Yc0ziTsyjahYqlWXVXlTU,spotify:track:0Yc0ziTsyjahYqlWXVXlTU,161880,Happy
28,0.83,0.548,-11.132,0.0503,0.0363,6.83e-05,0.184,0.98,127.508,5MztBRRywrACJFq8tPNanu,spotify:track:5MztBRRywrACJFq8tPNanu,212947,Happy
29,0.676,0.762,-4.172,0.0351,0.461,0.0,0.0574,0.81,119.003,3VA8T3rNy5V24AXxNK5u9E,spotify:track:3VA8T3rNy5V24AXxNK5u9E,207493,Happy
30,0.965,0.857,-8.458,0.17,0.00131,0.0,0.0726,0.951,127.656,6jBCehpNMkwFVF3dz4nLIW,spotify:track:6jBCehpNMkwFVF3dz4nLIW,183760,Happy
31,0.706,0.8,-6.333,0.0399,0.00584,0.0,0.0822,0.629,100.011,3U5JVgI2x4rDyHGObzJfNf,spotify:track:3U5JVgI2x4rDyHGObzJfNf,259333,Happy
32,0.682,0.9,-5.028,0.0874,0.0884,0.063,0.0685,0.937,100.721,3jfZ9M23l0L7RxzYMTgBTv,spotify:track:3jfZ9M23l0L7RxzYMTgBTv,179499,Happy
33,0.701,0.705,-6.18,0.0357,0.18,0.0,0.141,0.71,100.669,6HcQZfMrw3KwGyzrKw1Pjy,spotify:track:6HcQZfMrw3KwGyzrKw1Pjy,232960,Happy
34,0.626,0.565,-10.027,0.0271,0.124,0.0,0.0811,0.924,116.61,6tunhVGD8C05MZNjSVIsjw,spotify:track:6tunhVGD8C05MZNjSVIsjw,233507,Happy
35,0.721,0.707,-6.364,0.0595,0.181,3.68e-06,0.143,0.743,125.005,2aPTvyE09vUCRwVvj0I8WK,spotify:track:2aPTvyE09vUCRwVvj0I8WK,158206,Happy
36,0.609,0.692,-2.958,0.0259,0.0157,0.0,0.0864,0.454,116.959,2eAvDnpXP5W0cVtiI0PUxV,spotify:track:2eAvDnpXP5W0cVtiI0PUxV,233720,Happy
37,0.487,0.382,-10.889,0.0309,0.0422,4.74e-06,0.411,0.714,116.557,1H5IfYyIIAlgDX8zguUzns,spotify:track:1H5IfYyIIAlgDX8zguUzns,261280,Happy
38,0.779,0.754,-4.358,0.0966,0.343,2.6e-06,0.0965,0.883,89.998,0k5hoseEJnCAbpRh38dNoI,spotify:track:0k5hoseEJnCAbpRh38dNoI,174733,Happy
39,0.72,0.791,-4.689,0.124,0.0384,0.0,0.157,0.756,102.071,2Dz8KeCYs9awlwUJStJlmh,spotify:track:2Dz8KeCYs9awlwUJStJlmh,175427,Happy
40,0.842,0.622,-5.437,0.0967,0.0684,0.0,0.33,0.587,139.927,6eVM9lCmIqwGTUOoeH61Lu,spotify:track:6eVM9lCmIqwGTUOoeH61Lu,140733,Happy
41,0.631,0.805,-2.646,0.0632,0.531,0.0,0.172,0.906,91.999,4gtkHMuEMhysN6ZitUSRBf,spotify:track:4gtkHMuEMhysN6ZitUSRBf,147391,Happy
42,0.775,0.655,-7.333,0.102,0.114,0.00016,0.035,0.346,114.503,44CZRkOxv7UItaAUmh8PgN,spotify:track:44CZRkOxv7UItaAUmh8PgN,323253,Happy
43,0.7,0.709,-5.006,0.0838,0.0048,0.0,0.029,0.624,122.019,1gv4xPanImH17bKZ9rOveR,spotify:track:1gv4xPanImH17bKZ9rOveR,202960,Happy
44,0.755,0.837,-2.718,0.142,0.0991,0.0,0.289,0.714,120.028,0HPD5WQqrq7wPWR7P7Dw1i,spotify:track:0HPD5WQqrq7wPWR7P7Dw1i,199693,Happy
45,0.7,0.551,-6.699,0.0363,0.151,0.0,0.244,0.737,90.005,4bh2jy0vLIrXE1Cnq2u8gG,spotify:track:4bh2jy0vLIrXE1Cnq2u8gG,140086,Happy
46,0.575,0.571,-7.906,0.0439,0.0558,0.0,0.0912,0.449,105.049,4NBTZtAt1F13VvlSKe6KTl,spotify:track:4NBTZtAt1F13VvlSKe6KTl,197947,Happy
47,0.781,0.861,-6.893,0.0411,0.049,0.0,0.209,0.711,111.011,59QI3gSnv576kHyV4Jqt36,spotify:track:59QI3gSnv576kHyV4Jqt36,156633,Happy
48,0.655,0.782,-4.789,0.185,0.375,0.0,0.317,0.832,79.427,3cU2wBxuV6nFiuf6PJZNlC,spotify:track:3cU2wBxuV6nFiuf6PJZNlC,184227,Happy
49,0.492,0.867,-2.404,0.041,0.21,0.0,0.78,0.734,179.941,1nNfkK3cfckAyTmNRk1b60,spotify:track:1nNfkK3cfckAyTmNRk1b60,199605,Happy
50,0.684,0.607,-8.127,0.1,0.0267,0.000307,0.191,0.498,81.001,0JXXNGljqupsJaZsgSbMZV,spotify:track:0JXXNGljqupsJaZsgSbMZV,195373,Happy
51,0.636,0.783,-6.949,0.0368,0.0285,0.00164,0.18,0.678,104.993,4h83bb7xRzB7Qo735CjLMH,spotify:track:4h83bb7xRzB7Qo735CjLMH,163429,Happy
52,0.829,0.583,-8.586,0.0353,0.19,0.00103,0.127,0.765,110.974,1cxPOIEirHd43X5qeGebUY,spotify:track:1cxPOIEirHd43X5qeGebUY,148869,Happy
53,0.482,0.633,-6.108,0.0441,0.0429,0.0,0.201,0.378,159.906,76ZRoeAgtae628jiFYDLCT,spotify:track:76ZRoeAgtae628jiFYDLCT,174944,Happy
54,0.813,0.751,-2.932,0.0905,0.0157,0.0,0.175,0.661,89.97,4hM1rUoUrthsX8D4BH74MO,spotify:track:4hM1rUoUrthsX8D4BH74MO,198295,Happy
55,0.764,0.689,-5.286,0.368,0.391,0.0,0.062,0.779,176.087,1XzihhvRzOHYmVImIZ9g8Q,spotify:track:1XzihhvRzOHYmVImIZ9g8Q,161159,Happy
56,0.778,0.645,-6.374,0.0643,0.0836,2.26e-06,0.184,0.558,142.07,16k7sLX58uNRKuueVzG6jy,spotify:track:16k7sLX58uNRKuueVzG6jy,168421,Happy
57,0.693,0.678,-7.159,0.0324,0.0151,5.71e-06,0.101,0.404,103.952,6oJ6le65B3SEqPwMRNXWjY,spotify:track:6oJ6le65B3SEqPwMRNXWjY,228267,Happy
58,0.457,0.823,-4.76,0.311,0.00144,0.0,0.108,0.578,192.205,1QNqrsNQ1JVLEwncov3lEY,spotify:track:1QNqrsNQ1JVLEwncov3lEY,230733,Happy
59,0.424,0.438,-15.192,0.0529,0.064,0.0,0.0764,0.924,175.139,6fvIzrJ6boUDFF19fH4S2s,spotify:track:6fvIzrJ6boUDFF19fH4S2s,144893,Happy
60,0.762,0.661,-6.075,0.0687,0.15,0.0,0.256,0.769,130.009,1hGy2eLcmC8eKx7qr1tOqx,spotify:track:1hGy2eLcmC8eKx7qr1tOqx,225373,Happy
61,0.458,0.801,-7.83,0.0565,0.691,0.0,0.328,0.93,160.547,7FS541dJh3iQAEXEZoDhE6,spotify:track:7FS541dJh3iQAEXEZoDhE6,159853,Happy
62,0.737,0.569,-6.702,0.0552,0.261,0.308,0.046,0.912,167.202,2dlEdDEmuQsrcXaAL3Znzi,spotify:track:2dlEdDEmuQsrcXaAL3Znzi,190707,Happy
63,0.62,0.573,-11.893,0.0423,0.271,0.0,0.0607,0.897,81.548,0ikz6tENMONtK6qGkOrU3c,spotify:track:0ikz6tENMONtK6qGkOrU3c,231333,Happy
64,0.65,0.531,-8.335,0.0364,0.457,0.0,0.249,0.487,78.946,2aBxt229cbLDOvtL7Xbb9x,spotify:track:2aBxt229cbLDOvtL7Xbb9x,258133,Happy
65,0.661,0.911,-6.571,0.0417,0.0557,5.54e-06,0.348,0.919,117.147,0pBhA8yQ5FUKyQG13x2Qmh,spotify:track:0pBhA8yQ5FUKyQG13x2Qmh,334187,Happy
66,0.647,0.868,-6.427,0.106,0.088,0.124,0.129,0.804,121.82,3pf96IFggfQuT6Gafqx2rt,spotify:track:3pf96IFggfQuT6Gafqx2rt,242240,Happy
67,0.636,0.676,-3.442,0.0263,0.0807,0.0,0.0831,0.273,113.98,2tznHmp70DxMyr2XhWLOW0,spotify:track:2tznHmp70DxMyr2XhWLOW0,208760,Happy
68,0.696,0.943,-2.962,0.043,0.0736,0.0,0.653,0.832,129.002,3CSpzkoL1XgDBZ1q9aDCUV,spotify:track:3CSpzkoL1XgDBZ1q9aDCUV,194867,Happy
69,0.426,0.957,-5.552,0.0634,0.00162,0.000617,0.291,0.888,159.977,4VRJfWj7cNKivIggXeje8z,spotify:track:4VRJfWj7cNKivIggXeje8z,174933,Happy
70,0.574,0.512,-6.664,0.0503,0.234,0.0,0.0946,0.512,76.899,4rHZZAmHpZrA3iH5zx8frV,spotify:track:4rHZZAmHpZrA3iH5zx8frV,484147,Happy
71,0.647,0.822,-4.662,0.183,0.219,0.0,0.0908,0.962,160.019,60nZcImufyMA1MKQY3dcCH,spotify:track:60nZcImufyMA1MKQY3dcCH,232720,Happy
72,0.87,0.775,-3.703,0.0865,0.0421,1.8e-06,0.14,0.792,106.001,0EJ3Kofm9hYq3hL4VZ881G,spotify:track:0EJ3Kofm9hYq3hL4VZ881G,181666,Happy
73,0.669,0.832,-5.721,0.0682,0.0106,0.0,0.0968,0.7,113.035,1WkMMavIMc4JZ8cfMmxHkI,spotify:track:1WkMMavIMc4JZ8cfMmxHkI,237547,Happy
74,0.689,0.863,-5.962,0.0348,0.0373,1.55e-05,0.0958,0.576,105.044,7GKMstqz3UYkFvlX93qCyz,spotify:track:7GKMstqz3UYkFvlX93qCyz,256320,Happy
75,0.641,0.471,-9.99,0.0564,0.33,1.19e-05,0.382,0.559,143.981,5vfoUjrdaLTQHGbLbcl5lx,spotify:track:5vfoUjrdaLTQHGbLbcl5lx,190641,Happy
76,0.416,0.837,-5.127,0.0598,0.000157,0.0,0.0881,0.376,165.967,7nlvjuAdtKroFHdgqwCBKC,spotify:track:7nlvjuAdtKroFHdgqwCBKC,195253,Happy
77,0.639,0.647,-6.537,0.0301,0.0301,0.000142,0.0964,0.352,130.032,6CenzKfN5aqSMXV8yJAi43,spotify:track:6CenzKfN5aqSMXV8yJAi43,148034,Happy
78,0.682,0.604,-8.611,0.421,0.556,2.34e-05,0.0992,0.701,99.848,5zYEMdgHeGvbdPgd3tOHcu,spotify:track:5zYEMdgHeGvbdPgd3tOHcu,229080,Happy
79,0.662,0.489,-7.067,0.0525,0.163,0.0,0.172,0.506,102.04,1c1sdxrYLIiuJOlE7PPttb,spotify:track:1c1sdxrYLIiuJOlE7PPttb,195881,Happy
80,0.703,0.801,-4.694,0.0333,0.00415,0.000248,0.134,0.672,108.001,6QD2VjrjttjljqUZPf9R89,spotify:track:6QD2VjrjttjljqUZPf9R89,202222,Happy
81,0.534,0.725,-3.906,0.046,0.091,0.0,0.0264,0.55,88.098,3Kkjo3cT83cw09VJyrLNwX,spotify:track:3Kkjo3cT83cw09VJyrLNwX,225149,Happy
82,0.761,0.739,-3.591,0.0369,0.178,3.35e-06,0.23,0.656,118.997,79wbJeLkXOlJh4AzaWCWfL,spotify:track:79wbJeLkXOlJh4AzaWCWfL,213436,Happy
83,0.574,0.96,-4.906,0.032,0.0457,0.0,0.121,0.978,117.486,2Y90nL1ohB4sgYELDs7uNx,spotify:track:2Y90nL1ohB4sgYELDs7uNx,254733,Happy
84,0.673,0.886,-4.44,0.0431,0.185,0.0,0.0826,0.795,97.012,4HlFJV71xXKIGcU3kRyttv,spotify:track:4HlFJV71xXKIGcU3kRyttv,216773,Happy
85,0.583,0.856,-5.446,0.0445,0.00484,0.0,0.224,0.48,168.053,4WZ3liyYz5ZzDcL4ibAuOi,spotify:track:4WZ3liyYz5ZzDcL4ibAuOi,178973,Happy
86,0.689,0.706,-4.48,0.0312,0.0833,0.0,0.105,0.623,106.52,2sX7lJXsOYGP1Us6CqM9t1,spotify:track:2sX7lJXsOYGP1Us6CqM9t1,226268,Happy
87,0.89,0.666,-4.361,0.129,0.0606,6.54e-05,0.11,0.269,98.018,5cy2dREJqJAyf3CNr509W7,spotify:track:5cy2dREJqJAyf3CNr509W7,165360,Happy
88,0.578,0.866,-3.804,0.0619,0.00701,0.0,0.257,0.619,128.038,0kzw2tRyuL9rzipi5ntlIy,spotify:track:0kzw2tRyuL9rzipi5ntlIy,199080,Happy
89,0.72,0.612,-6.324,0.0545,0.245,0.0,0.109,0.624,111.984,1jzJQlaWgu7ZYqRldXXFRD,spotify:track:1jzJQlaWgu7ZYqRldXXFRD,180879,Happy
90,0.594,0.554,-5.947,0.0323,0.0775,0.0,0.154,0.481,178.094,6bePYd5M396sVoHFDg36Ub,spotify:track:6bePYd5M396sVoHFDg36Ub,204774,Happy
91,0.679,0.849,-3.841,0.0649,0.0916,0.0,0.121,0.683,100.095,6iMoJ3UdrO2ZjzzcaN8Eom,spotify:track:6iMoJ3UdrO2ZjzzcaN8Eom,238667,Happy
92,0.699,0.7,-5.704,0.0392,0.0109,0.0794,0.152,0.3,102.023,1zEhH5BmSpKi1mRSIfBDOq,spotify:track:1zEhH5BmSpKi1mRSIfBDOq,184880,Happy
93,0.768,0.589,-8.991,0.0403,0.00417,2.67e-05,0.136,0.757,97.979,6zTKuNMEU3svBn65L6u88M,spotify:track:6zTKuNMEU3svBn65L6u88M,199380,Happy
94,0.8,0.627,-5.892,0.0633,0.296,0.0,0.0892,0.693,104.96,3I1Smy5zhzNEc9grpjwY1s,spotify:track:3I1Smy5zhzNEc9grpjwY1s,166948,Happy
95,0.53,0.848,-6.243,0.0741,0.256,0.0,0.893,0.396,106.901,3R2Ixz50biUsQzcla8DjeI,spotify:track:3R2Ixz50biUsQzcla8DjeI,240893,Happy
96,0.523,0.402,-8.233,0.0305,0.778,0.0,0.432,0.675,70.863,0WVTQp3SOCuMr08jh1jweV,spotify:track:0WVTQp3SOCuMr08jh1jweV,162533,Happy
97,0.751,0.772,-3.853,0.0383,0.039,0.0,0.102,0.923,117.941,7dT6ccDqmMHvz5C0d8iUND,spotify:track:7dT6ccDqmMHvz5C0d8iUND,222349,Happy
98,0.639,0.844,-3.126,0.0409,0.0016,0.00247,0.238,0.697,110.031,3AYirxvYvayyrk0u4c2ytC,spotify:track:3AYirxvYvayyrk0u4c2ytC,172376,Happy
99,0.789,0.567,-8.501,0.0585,0.193,0.00023,0.18,0.725,144.021,6Gl9htJmNmnugLygZo15QF,spotify:track:6Gl9htJmNmnugLygZo15QF,145701,Happy
0,0.853,0.681,-5.003,0.0888,0.00966,5.71e-05,0.0233,0.93,114.989,4rmPQGwcLQjCoFq5NrTA0D,spotify:track:4rmPQGwcLQjCoFq5NrTA0D,270627,Happy
1,0.72,0.715,-4.652,0.04,0.258,0.0568,0.107,0.357,107.041,5LYMamLv12UPbemOaTPyeV,spotify:track:5LYMamLv12UPbemOaTPyeV,193813,Happy
2,0.551,0.821,-4.489,0.0539,0.0102,0.0438,0.153,0.842,174.923,5dKBaysNJtfpyNTRa5lqDb,spotify:track:5dKBaysNJtfpyNTRa5lqDb,137760,Happy
3,0.547,0.82,-6.728,0.0805,0.261,0.0,0.3,0.933,118.208,6Ac4NVYYl2U73QiTt11ZKd,spotify:track:6Ac4NVYYl2U73QiTt11ZKd,172867,Happy
4,0.702,0.825,-3.787,0.0601,0.00883,0.0,0.0674,0.915,102.977,5nujrmhLynf4yMoMtj8AQF,spotify:track:5nujrmhLynf4yMoMtj8AQF,203064,Happy
5,0.596,0.869,-11.97,0.037,0.0116,0.173,0.0678,0.944,109.902,05wIrZSwuaVWhcv5FfqeH0,spotify:track:05wIrZSwuaVWhcv5FfqeH0,238733,Happy
6,0.635,0.786,-6.46,0.0377,0.0349,0.00767,0.497,0.305,97.54,7zkDEBSxkcBVsStS4qBFpK,spotify:track:7zkDEBSxkcBVsStS4qBFpK,241547,Happy
7,0.715,0.97,-2.206,0.0648,0.0644,0.000156,0.205,0.963,79.504,3AszgPDZd9q0DpDFt4HFBy,spotify:track:3AszgPDZd9q0DpDFt4HFBy,239240,Happy
8,0.737,0.846,-4.51,0.22,0.00614,0.0,0.0486,0.546,87.981,0e8nrvls4Qqv5Rfa2UhqmO,spotify:track:0e8nrvls4Qqv5Rfa2UhqmO,143901,Happy
9,0.482,0.849,-9.198,0.0452,0.641,7.74e-06,0.0414,0.937,124.631,4Z1fbYp0HuxLBje4MOZcSD,spotify:track:4Z1fbYp0HuxLBje4MOZcSD,155227,Happy
10,0.764,0.705,-3.463,0.0284,0.259,8.92e-05,0.12,0.781,110.97,3DarAbFujv6eYNliUTyqtz,spotify:track:3DarAbFujv6eYNliUTyqtz,208667,Happy
11,0.679,0.79,-6.934,0.059,0.139,0.00669,0.165,0.369,131.177,6VwkgtOIlVboseFPCFnyJ2,spotify:track:6VwkgtOIlVboseFPCFnyJ2,251533,Happy
12,0.731,0.626,-6.919,0.0805,0.125,0.0,0.183,0.862,82.488,51PSUD2YHjPyAy3jnkaoy7,spotify:track:51PSUD2YHjPyAy3jnkaoy7,173640,Happy
13,0.566,0.876,-4.6,0.187,0.0175,0.0114,0.677,0.642,156.291,2RknY4IqSPwagR0v5wchIW,spotify:track:2RknY4IqSPwagR0v5wchIW,209447,Happy
14,0.714,0.8,-4.808,0.0504,0.127,0.0,0.359,0.589,134.002,3Wrjm47oTz2sjIgck11l5e,spotify:track:3Wrjm47oTz2sjIgck11l5e,211560,Happy
15,0.666,0.83,-5.715,0.0751,0.0123,0.0,0.191,0.702,113.03,6JV2JOEocMgcZxYSZelKcc,spotify:track:6JV2JOEocMgcZxYSZelKcc,236002,Happy
16,0.703,0.68,-6.118,0.0431,0.0171,0.0,0.178,0.536,97.985,6w8ZPYdnGajyfPddTWdthN,spotify:track:6w8ZPYdnGajyfPddTWdthN,210384,Happy
17,0.586,0.651,-10.16,0.048,0.144,0.0,0.489,0.901,81.397,6ZEAXknmx2mrO3KgcDNpFI,spotify:track:6ZEAXknmx2mrO3KgcDNpFI,223067,Happy
18,0.863,0.631,-4.689,0.0534,0.305,3.04e-05,0.123,0.817,128.977,4nK5YrxbMGZstTLbvj6Gxw,spotify:track:4nK5YrxbMGZstTLbvj6Gxw,223480,Happy
19,0.794,0.811,-8.966,0.038,0.0426,1.07e-06,0.101,0.862,116.047,2Foc5Q5nqNiosCNqttzHof,spotify:track:2Foc5Q5nqNiosCNqttzHof,248413,Happy
20,0.548,0.816,-4.209,0.0465,0.122,0.0,0.335,0.557,95.39,6UelLqGlWMcVH1E5c4H7lY,spotify:track:6UelLqGlWMcVH1E5c4H7lY,174000,Happy
21,0.784,0.675,-7.718,0.049,0.261,1.4e-06,0.293,0.854,124.908,6RT3PxDEQOa7m6tK502DNa,spotify:track:6RT3PxDEQOa7m6tK502DNa,224053,Happy
22,0.874,0.692,-5.28,0.0431,0.0412,7.24e-05,0.324,0.937,116.017,55h7vJchibLdUkxdlX3fK7,spotify:track:55h7vJchibLdUkxdlX3fK7,178560,Happy
23,0.742,0.838,-6.442,0.11,0.0832,0.0,0.418,0.848,113.373,3v8PlUFGQQDBIk1J86waCo,spotify:track:3v8PlUFGQQDBIk1J86waCo,188240,Happy
24,0.611,0.797,-7.627,0.0533,0.00543,0.00137,0.26,0.518,120.041,2GiJYvgVaD2HtM8GqD9EgQ,spotify:track:2GiJYvgVaD2HtM8GqD9EgQ,218107,Happy
25,0.525,0.686,-8.879,0.0325,0.18,2.66e-06,0.274,0.91,193.667,5olYKlNYCELRBQzxQ6Tr1V,spotify:track:5olYKlNYCELRBQzxQ6Tr1V,150126,Happy
26,0.818,0.783,-6.534,0.0444,0.232,0.00886,0.0803,0.819,99.992,1YrC8s6yZWw23QxW6rfM9f,spotify:track:1YrC8s6yZWw23QxW6rfM9f,162267,Happy
27,0.768,0.714,-5.11,0.0401,0.352,0.0,0.15,0.842,131.443,4h4QlmocP3IuwYEj2j14p8,spotify:track:4h4QlmocP3IuwYEj2j14p8,163026,Happy
28,0.32,0.62,-9.686,0.0594,0.64,6.36e-05,0.253,0.472,86.327,6lFZbCc7pn6Lme1NP7qQqQ,spotify:track:6lFZbCc7pn6Lme1NP7qQqQ,448720,Happy
29,0.756,0.697,-6.377,0.0401,0.182,0.0,0.333,0.956,94.996,0QBzMgT7NIeoCYy3sJCof1,spotify:track:0QBzMgT7NIeoCYy3sJCof1,206071,Happy
30,0.351,0.928,-3.71,0.0759,0.00113,0.0,0.0988,0.239,148.03,0eGsygTp906u18L0Oimnem,spotify:track:0eGsygTp906u18L0Oimnem,222076,Happy
31,0.815,0.518,-6.594,0.0897,0.223,0.0,0.104,0.877,151.891,0uI7yAKUf52Cn7y3sYyjiX,spotify:track:0uI7yAKUf52Cn7y3sYyjiX,177667,Happy
32,0.681,0.163,-22.597,0.165,0.881,7.62e-05,0.0688,0.771,69.283,5YbgcwHjQhdT1BYQ4rxWlD,spotify:track:5YbgcwHjQhdT1BYQ4rxWlD,292400,Happy
33,0.878,0.525,-6.832,0.0578,0.183,0.0,0.0714,0.694,112.022,1Cv1YLb4q0RzL6pybtaMLo,spotify:track:1Cv1YLb4q0RzL6pybtaMLo,158571,Happy
34,0.598,0.531,-7.484,0.0954,0.331,1.51e-06,0.0938,0.696,70.469,4ZrbWwFHHjPoe7cfUBJ9WQ,spotify:track:4ZrbWwFHHjPoe7cfUBJ9WQ,168000,Happy
35,0.694,0.712,-3.923,0.046,0.132,0.0,0.211,0.799,98.023,1rIKgCH4H52lrvDcz50hS8,spotify:track:1rIKgCH4H52lrvDcz50hS8,201122,Happy
36,0.491,0.87,-5.99,0.0308,0.00361,0.126,0.184,0.814,124.444,4er8NyQ8cFnZ2b643Tjc44,spotify:track:4er8NyQ8cFnZ2b643Tjc44,224800,Happy
37,0.544,0.847,-4.794,0.0385,0.0462,0.0,0.336,0.168,97.974,24fXShNbufmThxBTWWPfO1,spotify:track:24fXShNbufmThxBTWWPfO1,184133,Happy
38,0.843,0.656,-11.184,0.0595,0.0466,0.0187,0.169,0.931,121.112,6pc8xULSlsMdFB3OrqbvZ4,spotify:track:6pc8xULSlsMdFB3OrqbvZ4,215653,Happy
39,0.537,0.622,-6.602,0.224,0.372,0.0,0.127,0.729,99.905,5EKEYEvTy8GYCDSCgLPUsn,spotify:track:5EKEYEvTy8GYCDSCgLPUsn,168777,Happy
40,0.52,0.731,-5.338,0.0557,0.342,0.00101,0.311,0.662,173.93,4LRPiXqCikLlN15c3yImP7,spotify:track:4LRPiXqCikLlN15c3yImP7,167303,Happy
41,0.896,0.704,-12.148,0.0402,0.401,0.132,0.0884,0.98,128.685,6W99yGcIH43jskdRA7idD3,spotify:track:6W99yGcIH43jskdRA7idD3,243696,Happy
42,0.811,0.879,-3.724,0.0514,0.0476,1.91e-06,0.109,0.962,134.064,0ifSeVGUr7py5GggttDhXw,spotify:track:0ifSeVGUr7py5GggttDhXw,188754,Happy
43,0.541,0.591,-6.688,0.0336,0.289,0.000431,0.124,0.116,111.676,0cBPuDA3xUjR4Vh9o7CKy8,spotify:track:0cBPuDA3xUjR4Vh9o7CKy8,306320,Happy
44,0.498,0.872,-6.744,0.0977,0.14,3.17e-06,0.103,0.553,170.056,3jnMhpFIw1rtQh43XnNUxs,spotify:track:3jnMhpFIw1rtQh43XnNUxs,174185,Happy
45,0.635,0.672,-6.788,0.0637,0.314,5.03e-06,0.0688,0.895,166.903,6pyex9B1kBoRIuabBAc4m8,spotify:track:6pyex9B1kBoRIuabBAc4m8,155333,Happy
46,0.484,0.731,-6.694,0.0379,0.431,0.0,0.151,0.51,101.654,3JvrhDOgAt6p7K8mDyZwRd,spotify:track:3JvrhDOgAt6p7K8mDyZwRd,204280,Happy
47,0.713,0.607,-4.388,0.0582,0.218,2.34e-05,0.103,0.202,91.005,0lqtePau02eM0xmOUIZ3uE,spotify:track:0lqtePau02eM0xmOUIZ3uE,171429,Happy
48,0.341,0.895,-6.66,0.076,0.147,0.0,0.0741,0.677,174.987,4vnYwFOZCVl0bmerWyuzRw,spotify:track:4vnYwFOZCVl0bmerWyuzRw,237733,Happy
49,0.74,0.688,-4.361,0.0916,0.061,0.0,0.138,0.935,115.035,6FfLg6FFqhCsrFOaHIGkg0,spotify:track:6FfLg6FFqhCsrFOaHIGkg0,135581,Happy
50,0.749,0.484,-9.944,0.0484,0.13,0.137,0.0486,0.939,167.084,7HX9f8AMBl0vQxAoAzLqhS,spotify:track:7HX9f8AMBl0vQxAoAzLqhS,187600,Happy
51,0.653,0.869,-3.725,0.0382,0.128,2.2e-05,0.046,0.697,122.017,03mMSLEJCPoGJwQhHpN5y0,spotify:track:03mMSLEJCPoGJwQhHpN5y0,197347,Happy
52,0.388,0.338,-10.054,0.0329,0.652,3.73e-06,0.248,0.478,177.765,2RlgNHKcydI9sayD2Df2xp,spotify:track:2RlgNHKcydI9sayD2Df2xp,303373,Happy
53,0.676,0.824,-5.752,0.0449,0.0271,0.0152,0.363,0.696,122.221,4Sqc0kPuZpfI0T2TZBu8JT,spotify:track:4Sqc0kPuZpfI0T2TZBu8JT,187733,Happy
54,0.708,0.598,-8.365,0.0291,0.037,0.0,0.17,0.698,112.027,2sXf2JdbB2GlNju00kw9WE,spotify:track:2sXf2JdbB2GlNju00kw9WE,203123,Happy
55,0.801,0.795,-5.115,0.0504,0.0417,0.000113,0.0717,0.754,79.028,6QgjcU0zLnzq5OrUoSZ3OK,spotify:track:6QgjcU0zLnzq5OrUoSZ3OK,163253,Happy
56,0.32,0.917,-5.903,0.0771,0.0717,0.0,0.169,0.715,190.757,15tHagkk8z306XkyOHqiip,spotify:track:15tHagkk8z306XkyOHqiip,188360,Happy
57,0.594,0.83,-5.727,0.0632,0.0288,0.0215,0.261,0.69,117.973,6WP4WTHzaPTCk1QrbRLhgL,spotify:track:6WP4WTHzaPTCk1QrbRLhgL,203527,Happy
58,0.568,0.824,-4.613,0.0299,0.403,0.0,0.0855,0.753,108.625,5Ts1DYOuouQLgzTaisxWYh,spotify:track:5Ts1DYOuouQLgzTaisxWYh,174760,Happy
59,0.824,0.588,-6.4,0.0924,0.692,0.000104,0.149,0.513,98.027,2XU0oxnq2qxCpomAAuJY8K,spotify:track:2XU0oxnq2qxCpomAAuJY8K,209438,Happy
60,0.461,0.936,-6.824,0.104,0.416,0.000135,0.136,0.811,172.43,7w4Tbkbx081vRJa8ol56Qf,spotify:track:7w4Tbkbx081vRJa8ol56Qf,249333,Happy
61,0.675,0.885,-4.432,0.0436,0.217,0.0,0.086,0.768,97.03,0KpfYajJVVGgQ32Dby7e9i,spotify:track:0KpfYajJVVGgQ32Dby7e9i,216667,Happy
62,0.893,0.745,-3.105,0.0571,0.0642,0.0,0.0943,0.872,101.018,5bcTCxgc7xVfSaMV3RuVke,spotify:track:5bcTCxgc7xVfSaMV3RuVke,223413,Happy
63,0.466,0.801,-5.175,0.0354,0.0209,0.0,0.241,0.379,103.197,3O0FuEfTpt3Zn6J3pXrXVO,spotify:track:3O0FuEfTpt3Zn6J3pXrXVO,267413,Happy
64,0.793,0.859,-3.774,0.0332,0.266,0.000356,0.133,0.964,129.912,1dKm4a7TOYFzzTQvU59C59,spotify:track:1dKm4a7TOYFzzTQvU59C59,219920,Happy
65,0.761,0.525,-6.9,0.0944,0.44,6.7e-06,0.0921,0.531,80.87,02MWAaffLxlfxAUY7c5dvx,spotify:track:02MWAaffLxlfxAUY7c5dvx,238805,Happy
66,0.548,0.705,-10.026,0.0375,0.278,1.89e-06,0.158,0.964,159.307,7sVxvaLH9Bx9YZyBjdRpdQ,spotify:track:7sVxvaLH9Bx9YZyBjdRpdQ,148277,Happy
67,0.466,0.634,-5.3,0.0289,0.0763,0.0,0.0678,0.324,128.992,5zsvG3RApT8qMVl7673FqF,spotify:track:5zsvG3RApT8qMVl7673FqF,194240,Happy
68,0.591,0.764,-5.484,0.0483,0.0383,0.0,0.103,0.478,169.928,5PjdY0CKGZdEuoNab3yDmX,spotify:track:5PjdY0CKGZdEuoNab3yDmX,141806,Happy
69,0.556,0.929,-3.659,0.037,0.0499,1.7e-06,0.0931,0.842,137.996,1hy6Dic0L5SU1XqjhYY1TR,spotify:track:1hy6Dic0L5SU1XqjhYY1TR,188893,Happy
70,0.767,0.889,-2.988,0.0963,0.00611,0.0,0.402,0.843,119.93,0k664IuFwVP557Gnx7RhIl,spotify:track:0k664IuFwVP557Gnx7RhIl,195145,Happy
71,0.559,0.752,-10.046,0.0581,0.448,0.00061,0.0907,0.946,187.712,6nzhhT57iQYrbqumru9NNP,spotify:track:6nzhhT57iQYrbqumru9NNP,179973,Happy
72,0.548,0.632,-5.569,0.145,0.0126,4.95e-06,0.0769,0.535,113.682,7KdF7Zac5eC9jutk9Qret4,spotify:track:7KdF7Zac5eC9jutk9Qret4,245800,Happy
73,0.639,0.845,-3.333,0.0372,0.0528,0.0,0.336,0.871,119.48,1FHNctV68GUNLgXclG2DtR,spotify:track:1FHNctV68GUNLgXclG2DtR,233373,Happy
74,0.793,0.793,-4.521,0.083,0.0123,0.0,0.0951,0.679,123.95,3PfIrDoz19wz7qK7tYeu62,spotify:track:3PfIrDoz19wz7qK7tYeu62,183290,Happy
75,0.614,0.603,-10.929,0.139,0.709,0.000173,0.294,0.608,84.997,0kCGEKTnTVLQWO5K39iGhx,spotify:track:0kCGEKTnTVLQWO5K39iGhx,144000,Happy
76,0.647,0.822,-4.662,0.183,0.219,0.0,0.0908,0.962,160.019,5b88tNINg4Q4nrRbrCXUmg,spotify:track:5b88tNINg4Q4nrRbrCXUmg,232720,Happy
77,0.851,0.551,-5.177,0.0396,0.151,0.0,0.0827,0.807,131.922,66S14BkJDxgkYxLl5DCqOz,spotify:track:66S14BkJDxgkYxLl5DCqOz,219467,Happy
78,0.584,0.726,-4.604,0.0371,0.14,0.0,0.0984,0.398,106.979,2JVwsN6viHjR9t5pCPQ4Br,spotify:track:2JVwsN6viHjR9t5pCPQ4Br,212447,Happy
79,0.965,0.857,-8.458,0.17,0.00131,0.0,0.0726,0.951,127.656,6jBCehpNMkwFVF3dz4nLIW,spotify:track:6jBCehpNMkwFVF3dz4nLIW,183760,Happy
80,0.741,0.711,-9.359,0.126,0.439,0.0,0.116,0.801,74.989,1hmV2cFt3tJfvOc9zwzytY,spotify:track:1hmV2cFt3tJfvOc9zwzytY,166400,Happy
81,0.647,0.868,-6.427,0.106,0.088,0.124,0.129,0.804,121.82,3pf96IFggfQuT6Gafqx2rt,spotify:track:3pf96IFggfQuT6Gafqx2rt,242240,Happy
82,0.434,0.958,-3.558,0.0543,2.64e-05,0.000245,0.101,0.746,145.063,2zJGwCm2cqkb7q0qrOIMpY,spotify:track:2zJGwCm2cqkb7q0qrOIMpY,209804,Happy
83,0.486,0.617,-7.115,0.0287,0.0954,3.23e-06,0.109,0.417,138.015,1mea3bSkSGXuIRvnydlB5b,spotify:track:1mea3bSkSGXuIRvnydlB5b,242373,Happy
84,0.818,0.688,-7.083,0.0379,0.00209,0.0541,0.282,0.971,122.983,2qONptRzQM0D3BGOgAsapI,spotify:track:2qONptRzQM0D3BGOgAsapI,259507,Happy
85,0.794,0.628,-4.321,0.0328,0.0871,0.0,0.181,0.935,121.793,7BL33HmuFQien4olebugdj,spotify:track:7BL33HmuFQien4olebugdj,159119,Happy
86,0.59,0.868,-5.832,0.048,0.0962,0.000322,0.442,0.798,184.348,1ot6jEe4w4hYnsOPjd3xKQ,spotify:track:1ot6jEe4w4hYnsOPjd3xKQ,230640,Happy
87,0.654,0.791,-6.243,0.048,0.0392,0.0,0.321,0.603,133.042,04MNyOQZDvLsW2gjAm9q2L,spotify:track:04MNyOQZDvLsW2gjAm9q2L,199526,Happy
88,0.692,0.832,-4.414,0.0291,0.0881,0.0674,0.183,0.858,112.007,4S46FETQcxhXROubIV11M3,spotify:track:4S46FETQcxhXROubIV11M3,165810,Happy
89,0.631,0.924,-5.589,0.146,0.0841,3.59e-06,0.084,0.755,100.045,213x4gsFDm04hSqIUkg88w,spotify:track:213x4gsFDm04hSqIUkg88w,192280,Happy
90,0.782,0.873,-7.157,0.0475,0.141,0.0571,0.112,0.858,123.181,0KxTWgl64TNOQXiGFJYc6t,spotify:track:0KxTWgl64TNOQXiGFJYc6t,252933,Happy
91,0.689,0.887,-4.27,0.0424,0.0231,0.0,0.275,0.937,142.014,0Me1AKVY2wzxOKLMiaAtNy,spotify:track:0Me1AKVY2wzxOKLMiaAtNy,205027,Happy
92,0.699,0.641,-7.564,0.0289,0.13,0.000218,0.0601,0.728,120.745,6pxWv6GV35VGmcPf5dh6CH,spotify:track:6pxWv6GV35VGmcPf5dh6CH,187213,Happy
93,0.323,0.847,-4.716,0.0348,5.12e-06,0.0208,0.25,0.859,173.914,1Q8reqCOXg2yqNr47HGo9X,spotify:track:1Q8reqCOXg2yqNr47HGo9X,98400,Happy
94,0.746,0.765,-4.41,0.0993,0.0112,0.0,0.0936,0.737,114.044,4saklk6nie3yiGePpBwUoc,spotify:track:4saklk6nie3yiGePpBwUoc,199054,Happy
95,0.613,0.923,-5.234,0.0691,0.00892,0.0,0.149,0.669,96.043,2kiJ5lZQZusgWwpqA7z2i1,spotify:track:2kiJ5lZQZusgWwpqA7z2i1,166920,Happy
96,0.516,0.684,-5.659,0.0797,0.652,0.0,0.685,0.84,161.167,0BbA7S30mOQB94e4IBnqCt,spotify:track:0BbA7S30mOQB94e4IBnqCt,131160,Happy
97,0.636,0.881,-5.376,0.0758,0.134,0.00952,0.074,0.845,118.237,7BXToqZFtclAj6mshYWena,spotify:track:7BXToqZFtclAj6mshYWena,133467,Happy
98,0.526,0.763,-12.663,0.0341,0.00126,6.75e-05,0.359,0.514,136.205,20CNpCKq1oTdvekXaboyeq,spotify:track:20CNpCKq1oTdvekXaboyeq,215160,Happy
99,0.618,0.837,-5.574,0.115,0.0842,0.0,0.344,0.8,168.114,1bxa0TPdBMHPeZFHe0adCw,spotify:track:1bxa0TPdBMHPeZFHe0adCw,174800,Happy
